epoch,train_loss_total,train_loss_pred,train_loss_kl,train_theta_mean,train_theta_std,train_z_mean,train_z_std,train_beta_kl,val_loss_total,val_loss_pred,val_loss_kl,val_theta_mean,val_theta_std,val_z_mean,val_z_std
1,0.09596436262977695,0.0958848659538037,7.9496727235363815,0.0942317874040157,0.35245495630993934,-0.44557982628923537,3.15178323596663,1e-05,0.08997514718015429,0.08985426633710593,12.0880892310344,0.11790739472063494,0.41134359299297063,-0.4002288563150755,2.7577515185718804
2,0.08354705076525733,0.08336499490201156,9.102791005298892,0.0775289635966345,0.39497913782804095,-0.2212403483463858,2.2410561703873357,2e-05,0.07974416857034387,0.0795703852470492,8.689172899219352,0.059079184603523204,0.4405248853522287,-0.20752374953787092,1.9961952290064853
3,0.07348254286612965,0.07322752498897524,8.500600656438255,0.030990112543132546,0.4630527533392288,-0.15011394015955035,2.123237016569446,3e-05,0.07455765676330513,0.07429425890596819,8.779934083911735,0.024304077291572596,0.4916836451476728,-0.1264804537657281,2.197047644937542
4,0.06891968485040732,0.0685917424041361,8.198563869638933,0.011258325147480567,0.5485062344565484,-0.05287576790383751,2.0780366242037784,4e-05,0.07350736783004143,0.07319219321222373,7.879366082204899,-0.02267873486582662,0.5331081844551463,0.012790599059884136,1.7059336296269592
5,0.06639836510878261,0.0660701801811823,6.563699982306038,-0.0024423199353431936,0.6037978816307671,0.013949543591041811,1.969025515324269,5e-05,0.06587637378506257,0.06557031080756388,6.121254894095407,-0.0054188067237780965,0.6099022610086791,-0.020489336884745336,1.982905752222303
6,0.06332221769497831,0.06299236663625465,5.497515518330766,-0.004879491804018749,0.650567748512722,-0.009629632260584331,2.018677291395821,6e-05,0.06667944962080095,0.06641920834359988,4.337359502281942,-0.018339104688083623,0.6472993979991322,-0.031031534554515506,1.929348628285905
7,0.06208998690066499,0.061807692666301504,4.032775761179137,-0.010828435288652858,0.6770573394971885,0.016304003287435115,2.02467449456718,7e-05,0.06352774284675088,0.06328490161350075,3.4691583572978706,-0.014279750110188,0.6939120317848635,-0.0025830835954148428,2.0532320485988134
8,0.0605059450369851,0.06027856281235629,2.8422773417952216,-0.00921063216528847,0.7080549027102455,0.006037150737445936,2.073716242190576,8e-05,0.061462660962846916,0.06126399280529626,2.483352751799033,-0.016838435988715837,0.7204823586302744,0.009031819118986982,2.087931901636258
9,0.05961055375410651,0.0594221732875276,2.0931168142474568,-0.007166213322874178,0.7297582682453718,-2.199722058801427e-05,2.1210893936733157,9e-05,0.060477148006919404,0.06030769651414643,1.8827952499121008,-0.0016210545444677413,0.7214311285757683,-0.021749552599200323,2.090079450271499
10,0.058966011100086396,0.058804308840108385,1.6170220339065335,-0.007099330233373608,0.7438496806481804,-0.008461603072788699,2.175990814214066,0.0001,0.06046928638513659,0.06032869686752978,1.4058928842275915,-0.009166858342646713,0.7668475231654207,-0.015076352926102323,2.1659670111159204
11,0.05823702095192237,0.058099869387240856,1.3715153029502813,-0.0067767479719981205,0.7751449843071282,-0.015125413942001892,2.258649518815916,0.0001,0.05983855223781626,0.059707409321842056,1.311428983446578,-0.005609886786362654,0.8002519901369659,-0.08238479195975922,2.3419270817662627
12,0.05774645914272347,0.05762178928559881,1.2466986320158517,-0.002572480695021089,0.8006057278724589,-0.001142961397881001,2.3395819617418794,0.0001,0.05988167845447299,0.05976091026210449,1.2076839645143966,0.004444601696351884,0.828919036287657,-0.010884683477548016,2.3905247836045818
13,0.05737473210237166,0.05726346908861748,1.1126291814324698,-0.006257550991065866,0.8299156014491568,-0.0029217646493234044,2.4040513767018834,0.0001,0.05901650874547555,0.05890139858697502,1.1511002493576266,-0.0034071806995329304,0.8382993374072331,-0.06934725959509822,2.4041520373922
14,0.05689772694217799,0.05679169090772395,1.0603589746922413,-0.005333351642952084,0.8547750169388143,0.005613882829015206,2.4729239563747156,0.0001,0.05907306799166639,0.05897219442355801,1.00873743060609,-0.0014668875734623469,0.8829641358953126,0.035314752190278735,2.5465743440977286
15,0.05654776244561583,0.05645019808522762,0.9756439622511449,-0.0021391153223084725,0.8798614471462649,0.0012931579209958842,2.539104133050353,0.0001,0.05938144783738633,0.05928547664637297,0.9597121250461524,0.012653718217157982,0.8892436791473711,0.04380214949381131,2.605472181884336
16,0.05623878379803991,0.05614621889633565,0.9256486446988731,0.0005229116081662119,0.9036125708007474,0.012494441761919975,2.5999938454975244,0.0001,0.05797536560977009,0.05788594106553306,0.8942445995102466,0.00661073706414498,0.9112559061654857,0.03982203958792166,2.6138380111103325
17,0.05595571354534444,0.05586495108862753,0.907624512540299,0.0029581672980137446,0.9357706655617506,0.017827223674506495,2.6881724301705776,0.0001,0.058095380034245234,0.05800462897184869,0.9075119847982702,0.012423867504046837,0.9384625486924615,0.010829004828004874,2.7718147358424226
18,0.055704293534371396,0.055618791935260724,0.8550158579226709,0.0065830770076035815,0.9645185747959686,0.022187936087348828,2.7606287269355136,0.0001,0.05802871050759101,0.05794531217133495,0.833984311197845,0.006696814435048842,0.9740644004982961,-0.025677929544849255,2.7509262158837116
19,0.05550288009998218,0.05542057465437674,0.8230545303749572,0.001903391366272,0.9856579740983343,0.012520623359342021,2.8150195681604147,0.0001,0.058223328959773966,0.05814095612772754,0.8237275942950182,0.0023218268974566124,0.9991269489409218,0.060260410981357725,2.845328223537391
20,0.05525348491662349,0.05517477124638286,0.7871360624238822,0.006015259635239363,1.009519164028642,0.013765928861002927,2.8947803072141713,0.0001,0.05702540493557151,0.056947116490820765,0.7828827298862834,0.002237059713774164,1.0094009965238437,-0.01698394368146874,2.899709043368487
21,0.05498233372692952,0.05490248549074517,0.798482102674447,0.004368866845091961,1.0323728911618357,0.00868275706699907,2.968447357469088,0.0001,0.05754669341193119,0.05747004782020206,0.7664550534436401,0.004913981361183482,1.0531557277894357,-0.029638542008297648,2.9604692459106445
22,0.054811509094510366,0.05473520948186014,0.7629957581286321,0.0051367136767236634,1.060157119380856,0.018458656742230066,3.0264089920592774,0.0001,0.05724656408731366,0.05717531859245099,0.7124563934097827,0.006129256580811991,1.0772877259993217,0.017500503872007602,3.0859272110630087
23,0.05453156881021141,0.054457213974443676,0.7435478871923145,0.003384853959692308,1.0817391371642293,0.008782684097331609,3.1087471198019294,0.0001,0.05729050787401871,0.05721495951145467,0.7554857101238949,0.007966990241597235,1.0977364996789207,-0.003088588063919943,3.1513154036562208
24,0.054375223292709454,0.05430157622239729,0.736470070444246,0.004877381986189058,1.1025179834179515,0.012261926388591795,3.158112650442716,0.0001,0.05651161830190202,0.056440707873290696,0.7091063025971533,0.02134022174376837,1.104382122066659,0.033100278182143776,3.191314653611519
25,0.05428767640997208,0.05421685560426111,0.7082071576935783,0.0069687287529953635,1.122550249311471,-0.018950417000642393,3.200503342528538,0.0001,0.05638952542778472,0.05632378050768879,0.6574503300895154,0.019984384919975846,1.1407807712823572,-0.05645723895228822,3.2244214541475538
26,0.0539346820878305,0.05386643830296413,0.6824381062446648,0.012217912437710837,1.1504953746050333,-0.018025484656300734,3.2582091319624524,0.0001,0.05628043045880089,0.0562105622719711,0.6986825466156006,0.019772093533210352,1.159104347229004,-0.02668216936683781,3.290983156419136
27,0.053781859404663845,0.05371432852655067,0.6753098741306082,0.013523627198292984,1.1733660249049456,-0.02927822739782877,3.3386558241361413,0.0001,0.056329850212369165,0.05626217952706444,0.6767074784762422,0.01678304990727297,1.173819493240034,0.00971331468514416,3.3234487923098284
28,0.05365501636669013,0.05358675223498954,0.6826417565769243,0.016052187149136678,1.1821866926884355,-0.06976099354893711,3.375944685978322,0.0001,0.05622643778021907,0.05615651680969856,0.699209708563039,0.008750396216629257,1.1878097762524242,-0.03370847991129882,3.4134728673478247
29,0.053459906219430336,0.05339160541711015,0.6830086619138294,0.013592967508794148,1.2090048502012425,-0.07061859056157958,3.451758861541748,0.0001,0.05588835629988724,0.05581679305350277,0.7156341747498848,0.008267296294511204,1.2181386057759676,-0.10984939147232914,3.445347268816451
30,0.05327752459509758,0.05320909570366621,0.6842889839760152,0.018556413798200937,1.227196405243069,-0.09777942856920133,3.493804271860614,0.0001,0.05586424889698834,0.05579023797747115,0.7401104124499039,0.015301257424371344,1.2465800852842734,-0.08807973378718319,3.5260377098137226
31,0.053130262916772024,0.053059347023522455,0.7091591885415953,0.024084971698255776,1.2511342266313137,-0.10144880042183105,3.553915208863958,0.0001,0.05586355032635407,0.05578858919546638,0.7496107413735188,0.024509991663442532,1.2542029803907369,-0.019401920925740574,3.5466439858288834
32,0.05283868903059307,0.052768826425128465,0.6986264634090037,0.023683821481402773,1.2668143599749035,-0.11345088486431487,3.596730817909986,0.0001,0.0553560577542849,0.0552813762300451,0.746815197064843,0.027118596235211467,1.2803229076761595,-0.14290139808411328,3.610918360696712
33,0.05254781792075977,0.05247488948078181,0.7292846558784295,0.03000949391992647,1.2861679942739157,-0.15825188940070026,3.6214339042853294,0.0001,0.05536928767679443,0.05529365295045812,0.75634559359349,0.03079081038144273,1.3006671583148794,-0.16544461588729437,3.602774079416839
34,0.05235395563988025,0.05228174937356323,0.7220623515427218,0.03288198708429218,1.3089272090850885,-0.1836932865478062,3.6735492845199884,0.0001,0.055161991904319176,0.055087740992156554,0.7425071664259467,0.035015024717005204,1.3288806307483727,-0.17754652023210493,3.661263022624271
35,0.0522748190267789,0.05220206795164366,0.7275110783839522,0.03029660502743128,1.3290486356928335,-0.17697112229743683,3.707443438033651,0.0001,0.05482263873580476,0.05475357846474983,0.6906020372686251,0.04232050898209424,1.3459630264362819,-0.17206426266528352,3.731899190956438
36,0.05201156533010582,0.05193892393267811,0.7264133675907264,0.027757556377835637,1.3479677819866906,-0.1687676312522235,3.7567662150991112,0.0001,0.055034637870922894,0.05496251179089009,0.7212587049309637,0.02240378603758946,1.3473000627168468,-0.12289397066957514,3.7244502222034295
37,0.05181411509840463,0.051742072331307204,0.7204274061412201,0.02959222265156929,1.3658843775202072,-0.17375834175421928,3.7859329965567716,0.0001,0.05469059723783547,0.054628237347367783,0.6235989164298689,0.04847487880730293,1.3836586643272721,-0.1512673090566212,3.8808412854100616
38,0.0516058449760794,0.05153564712095536,0.701977947412545,0.03055822357889364,1.3804478130797933,-0.201921585953892,3.846635761311804,0.0001,0.0543383282255119,0.05426557682139773,0.7275168543130579,0.03372990770239226,1.4007593393325806,-0.17258882351403296,3.820017734044035
39,0.051561025191316806,0.05148920158443718,0.7182354358542664,0.032552944301076726,1.3922251882180439,-0.2139817381612245,3.8443632629794293,0.0001,0.05488808778390079,0.05481838051911811,0.697074896013233,0.03323137424361538,1.3798968674431384,-0.20146495513093304,3.859181477989949
40,0.05129748210641779,0.05122873999284279,0.6874211226221087,0.03412677301342068,1.3999325426603084,-0.22233520446719063,3.8678751296726044,0.0001,0.05470949610773946,0.05464385769946475,0.6563851514332731,0.04460087875035447,1.4221671114505177,-0.13586113552077556,3.9052424162206516
41,0.051265716387312955,0.05119910159977037,0.6661484199137713,0.03576637846194406,1.4184316786313778,-0.21810373123553226,3.930942992757523,0.0001,0.05416959529401551,0.05409972033870052,0.698747349457002,0.042116402897616506,1.4359985976152017,-0.12429516749377821,3.969410557142446
42,0.05103554903177237,0.05096603331170963,0.6951576852989028,0.038176809910678206,1.4298795381193685,-0.2253832716699921,3.982281347786343,0.0001,0.0544338380576859,0.05436287180218898,0.7096639686906842,0.03263522437970403,1.4396002393373302,-0.29032612508031685,4.017336821891893
43,0.05086092530794402,0.05079121283895698,0.6971246592740182,0.03895551289496265,1.4436547758312464,-0.25206906445734667,3.996651507609691,0.0001,0.0539346671020481,0.053868780411045314,0.658865858131731,0.031588282383663555,1.449614387162974,-0.22705655880797077,3.98385325955673
44,0.05090289831915821,0.050834093732531074,0.6880453743477274,0.03708015399493714,1.4490942620468816,-0.27720028561660703,4.025828333138149,0.0001,0.0575539923574723,0.057497551113786835,0.5644124301386552,0.05077897799266896,1.4294804385010624,-0.3194082425513738,4.005502009055983
45,0.05101363895854666,0.05094217894132353,0.7145995912183454,0.03708498639122419,1.4574239074019302,-0.30961418021503395,4.0173657931400655,0.0001,0.053895684195236424,0.053825809607203574,0.698744748679685,0.03813796458949505,1.4713189820168724,-0.2407235906157695,4.059173560478318
46,0.05053591146919592,0.050464275976242645,0.716355619591464,0.04048373536281222,1.4763951947379916,-0.30488311414661456,4.0645990397112834,0.0001,0.05412933854779727,0.054054969318316014,0.7436926583169212,0.037730543074053775,1.485258485229922,-0.29456331664827506,4.062536958237769
47,0.05047539518699447,0.05040095455706331,0.7444056640933293,0.041236894426877294,1.493418289967159,-0.30204917309180457,4.08588329005199,0.0001,0.053982150334287694,0.05390768162381481,0.7446881666989393,0.045877753533947636,1.4920440693976174,-0.22367839342061901,4.098266611636524
48,0.05028692144589568,0.05021091760342964,0.7600385049096644,0.04254219876883508,1.505643589670239,-0.3149538129819541,4.133244069812565,0.0001,0.05364717779235101,0.05357462472059357,0.7255315562369118,0.058969308687767515,1.5151961470993471,-0.3138426899070471,4.139941967708964
49,0.050119337796185624,0.05004068661223084,0.7865120714553507,0.04277545138928861,1.5189458932165143,-0.3165154985646795,4.137890834791411,0.0001,0.053549490921514134,0.053469761681388804,0.7972906013609657,0.046457037119798254,1.5043254469481993,-0.2599712465430649,4.046498651235876
50,0.05004023999094857,0.04996099203269181,0.7924789443320956,0.0464454269364185,1.5250199827800635,-0.3058253273262012,4.130614398851276,0.0001,0.0539152790647997,0.0538322916123229,0.829875646342694,0.04865373713029942,1.549322593380028,-0.3674560852453742,4.200020649063755
51,0.04995184434084867,0.049870707054968204,0.811372405894061,0.04664566298056771,1.5419686787081865,-0.3064438922671505,4.16545369697083,0.0001,0.05406585482644363,0.053981993767157406,0.8386093789423016,0.049328046837742896,1.5375193239937366,-0.2338152399785082,4.189834567862497
52,0.049831736432537306,0.049750049825142376,0.816865191154751,0.051467790399044484,1.5487841812374326,-0.28388527255392837,4.165122173183977,0.0001,0.05373997813169385,0.053660007377325646,0.7997080112846804,0.054325801228553475,1.5471834649502392,-0.3464916298087214,4.157853163463969
53,0.04980511518383852,0.0497206872623566,0.8442795506379109,0.04657501798804658,1.5556379107768328,-0.3188739999414126,4.2034658864802195,0.0001,0.053701925970299144,0.0536189467554361,0.8297928479355825,0.054823839433596165,1.5702759648712588,-0.32776471783577554,4.23548667531618
54,0.04962336621371298,0.04953894279169359,0.8442333944102164,0.05112336096924533,1.5704241514629411,-0.3060509501352615,4.2263480532868085,0.0001,0.05371382376047927,0.05362829277423066,0.8553093142912421,0.07436153198211966,1.5760550969083544,-0.30282957568554814,4.276067545716192
55,0.0493503764973123,0.049261219263553195,0.89157215782423,0.053029635606819954,1.5808149605830653,-0.2932104014032264,4.236673869205834,0.0001,0.05322865585626011,0.0531439762300169,0.8467967711703878,0.04782470887605573,1.5951559442869374,-0.2877295151562758,4.273335604600503
56,0.049412475210708795,0.04932164414049677,0.9083106786700803,0.04759834684285982,1.5936239981100784,-0.2940867545867263,4.258576012843456,0.0001,0.05352323051069824,0.053425757870287964,0.9747261656841761,0.055467523109744975,1.6062973922407124,-0.22805849725091962,4.306178657101913
57,0.049387221689440215,0.04929193111258968,0.9529057991017669,0.04589990112884218,1.5999240195560624,-0.29507247467077014,4.259625094821991,0.0001,0.05341975501095745,0.05332488771265661,0.9486725943189271,0.05845281345323777,1.58250209143464,-0.2468174393747894,4.269583977444071
58,0.049285524628963816,0.049190356109959615,0.9516865261706323,0.05556099684197674,1.5978029293023037,-0.28848361871395506,4.2677287953785,0.0001,0.05411702494176341,0.05402027296138481,0.967518152485431,0.06271226158444311,1.6229314031735274,-0.2488975433606497,4.26670199380794
59,0.049249019268668565,0.049153102714019174,0.9591645621702896,0.04807708537632841,1.6012075309431575,-0.2537924254852385,4.2551358258533645,0.0001,0.05287084030643315,0.05277009686114083,1.0074362704451656,0.04097681623739256,1.5925704358329236,-0.211269376248541,4.199293015708386
60,0.049204116971703446,0.04910055142008496,1.0356554869648407,0.04949211538314396,1.603102390761909,-0.2794128902666734,4.255536727752821,0.0001,0.05332315130762651,0.05321724329825858,1.0590803035548035,0.057174535022235254,1.6031329732545665,-0.24952434674954752,4.251968095000361
61,0.04875987017821673,0.04865226739451792,1.076027229348889,0.054356145730397626,1.611401907927613,-0.264168681785279,4.274743230050665,0.0001,0.05356546779963332,0.053461862491889736,1.0360531210899353,0.05572749569382466,1.6251583922077233,-0.27565504579057154,4.284935662444209
62,0.04858491882403938,0.048483771515173135,1.0114741707568058,0.05646107196443934,1.6171148435260645,-0.280096980556184,4.293967871640546,0.0001,0.05190494367983979,0.05180473069489842,1.0021311909380093,0.058145053842118086,1.6188849798390563,-0.25841054057991003,4.257019694422333
63,0.048252018512645156,0.04814708843284665,1.0493001419104648,0.053865595963877855,1.6183046214745693,-0.26435608543425826,4.291885574164653,0.0001,0.05181796827786405,0.05171742117111112,1.005471194294137,0.05059055401615693,1.6203818740979048,-0.20310314090817538,4.245963734640202
64,0.049434513151380984,0.049322437587629206,1.1207566171302252,0.02192084352960595,1.6432443473944656,-0.19292842975418956,4.409144619218409,0.0001,0.05296516386975705,0.05286424208275029,1.0092134291017558,0.03937027787028904,1.6391345665488444,-0.176833726701812,4.372999553949061
65,0.048802900837724414,0.048696349925803246,1.0655089988378184,0.0486396426681535,1.6513257987969299,-0.21894866182447326,4.3998477827380436,0.0001,0.05257759395409638,0.05246390103244446,1.1369290973099184,0.049832007519795864,1.6492666459419358,-0.21504822347155758,4.352506194316166
66,0.048454942366978414,0.048349044651295955,1.0589774484956243,0.060772603070016015,1.636500538983523,-0.23812603269377805,4.33917066767203,0.0001,0.0523796150801887,0.05228863714236609,0.9097788963519352,0.06589323072366311,1.640494017533853,-0.20196621057013392,4.364044807326626
67,0.04792556062433372,0.047826475534938795,0.9908512329970541,0.06322754658824808,1.6460074215968592,-0.23272683533350233,4.3603708227404905,0.0001,0.051845908217446904,0.05174688659083675,0.9902172449608924,0.06278704316683219,1.6404218858396504,-0.2104442800119729,4.2847986557114295
68,0.047804452227445095,0.04770852714035905,0.9592516539787103,0.062302475113613566,1.6496335128272617,-0.2498763367967088,4.360989006543879,0.0001,0.05253592154509585,0.05243130783799668,1.0461391949317824,0.058676650721422384,1.6640234195010764,-0.2046101298970236,4.404810784568249
69,0.04785861303536867,0.04775877142751831,0.9984153492200861,0.06451457401416653,1.6581415763756733,-0.23236482733650526,4.403237764619384,0.0001,0.05268472774137913,0.052581638832327346,1.0308885649896005,0.07736210745405143,1.6414801940112047,-0.20189666585393354,4.3551170926698495
70,0.04756144797148226,0.04746741222525363,0.940358196757403,0.06688051049136036,1.664328379698799,-0.25745383145198303,4.392055244682949,0.0001,0.052499404308241855,0.052401466793577434,0.9793744901536217,0.06981205635927093,1.6559650092057778,-0.2500168872131428,4.3497073549619865
71,0.04826457213550859,0.048160775976510285,1.0379619801658508,0.07516589163278178,1.673157235021913,-0.242604519154539,4.441140666101161,0.0001,0.05295808440153028,0.052866069888564904,0.9201446754831664,0.09171403335853362,1.6786284010175248,-0.2134928320809989,4.47546729235582
72,0.04780148070629812,0.047703800931387645,0.9767987305698768,0.07970027879648056,1.6738779089590585,-0.26081023174032014,4.432195600777282,0.0001,0.05149156463817811,0.0513983413472142,0.9322331933908059,0.07133598510228412,1.6780602596175502,-0.23847874862627244,4.447102184027013
73,0.047526797421977955,0.04742406465801316,1.027327881719037,0.07825678833106907,1.6814581901099712,-0.27142831172668386,4.474942618110887,0.0001,0.052043000209919164,0.05194239507258778,1.0060506379100638,0.08775542162253823,1.6773044055616353,-0.19828994942068215,4.402985223582093
74,0.04741353866169444,0.047321907501025905,0.9163114695311864,0.07648630471334364,1.689321443623802,-0.29009030791095475,4.47149176961787,0.0001,0.05154629256313955,0.05144669556281936,0.995968866516167,0.0809509933624469,1.7002545326528415,-0.19883454652686774,4.549404090558979
75,0.04752406496786203,0.04742686897780925,0.971959525696126,0.07386620173339946,1.6984110124157759,-0.2610125291305156,4.492662661875967,0.0001,0.05185845740874049,0.05176020990794813,0.9824768993216502,0.0822281762957573,1.6836020946502686,-0.25621339038644037,4.372111542124144
76,0.0472396291779159,0.04714727352768659,0.923557306267652,0.07330468840910317,1.7057175337738932,-0.26065733766747345,4.479509555213617,0.0001,0.05223306268453598,0.05213308853792473,0.9997408960906553,0.06359099439332183,1.6896147795126473,-0.20679939152594184,4.493030373479279
77,0.047180939627874174,0.047089463318193574,0.9147631389421426,0.07460822912055476,1.7062759016165725,-0.24261134079629373,4.49450681815139,0.0001,0.05177852443196404,0.051685673302747835,0.9285115339386631,0.08794799919279528,1.7016826162875538,-0.1870075209249913,4.430219455504082
78,0.047125728178908304,0.04702736799924454,0.9836025554587532,0.07409124592481243,1.7174524185289075,-0.23476841555144076,4.512449727812203,0.0001,0.05150859955121094,0.051406896397681305,1.0170326451180687,0.06651734224927257,1.723832367171704,-0.20563999560832139,4.538626576813174
79,0.04698706124487397,0.04689075959247552,0.9630168847885268,0.07146686502793542,1.7209994115372111,-0.24730408042501806,4.54235809183883,0.0001,0.0516497893127757,0.05155896342975993,0.9082568766365589,0.07522217834919272,1.7137021917692372,-0.2664151461401456,4.480921288611183
80,0.046977004697993,0.04688410112902284,0.92903594003054,0.07598199704612339,1.7279191286059934,-0.25680388214784555,4.547757346930767,0.0001,0.05156432464718819,0.051466560332288205,0.9776435553188055,0.053089733589702925,1.721392443482305,-0.20881400635124933,4.501702550431372
81,0.047143090741301935,0.0470468572127512,0.962335351517103,0.07189034285490296,1.7276681837349548,-0.24631592999237256,4.540424469732688,0.0001,0.05154858351173535,0.05144113979079354,1.0744368895678453,0.07344701959633491,1.7287444161697172,-0.32071207715591915,4.56494831031477
82,0.04689751613428601,0.04680185551634373,0.9566066165588677,0.07369751307193594,1.7342879151789798,-0.24589130874900197,4.56083848675445,0.0001,0.05130729876773458,0.05120643427674199,1.0086455118488258,0.08268936691989362,1.7305067055661913,-0.2263973978623538,4.525113293822383
83,0.047675673487607796,0.04757068338961097,1.049900667705502,0.07586658133283178,1.7540564503170033,-0.1901354387499306,4.6315861976379615,0.0001,0.05295928384006863,0.05284384879427896,1.1543493682230022,0.09195060408870939,1.7777725961846365,-0.09758371197369317,4.691920811021832
84,0.047444413722117246,0.04734036581819053,1.040480003369638,0.07509849285359493,1.7606552887979239,-0.16997774489836842,4.622344011947063,0.0001,0.05146661211907024,0.051364619599681506,1.0199238439680824,0.07280054688453674,1.7555268113042268,-0.2330007164830893,4.610325544652804
85,0.04670038549676141,0.04660256110052338,0.9782438762022801,0.07206675706705869,1.7493555041867082,-0.2113653241133989,4.593901887456647,0.0001,0.051542550482800306,0.05144763276190825,0.9491779518799043,0.07832517873653223,1.7606743825993068,-0.19600756125340998,4.577302590222426
86,0.04665482121306351,0.04655787709365941,0.9694415194314919,0.06929867788752272,1.748095751867413,-0.23818891559112124,4.6069428891102335,0.0001,0.0513641318489968,0.05126964237908242,0.944897537500086,0.06682644910375837,1.7618179657089879,-0.18977694402278308,4.595869608328376
87,0.04666668668283451,0.046570611581682735,0.960750801101671,0.07201276617008882,1.7642834692611151,-0.24633248198155452,4.632270522481806,0.0001,0.0512203809241174,0.05112691758803918,0.9346325582181904,0.07322393431210182,1.7576530130816177,-0.2249425350570343,4.606585563068658
88,0.04789259838565628,0.04779398487632694,0.9861348746724916,0.09114054249033834,1.762635899267654,-0.2828617776093961,4.631384904600587,0.0001,0.05343497213973126,0.053343816122538606,0.9115624243104962,0.07132132949543671,1.7615601680648159,-0.1830878222466145,4.567313650964012
89,0.04757002214396614,0.04747846167117728,0.9156050616428653,0.0854661074031945,1.7658170374841504,-0.25540695248128675,4.5941965524934325,0.0001,0.05276690853733412,0.052677668840952326,0.8923974952227632,0.08369221548799058,1.7560206064036195,-0.2509957657943309,4.591241467166954
90,0.04669142475096942,0.04659147325036369,0.9995153364237418,0.07473370902650521,1.767608671798164,-0.22972726185854067,4.591778286820406,0.0001,0.05126243205347531,0.05115949362516403,1.0293830733903697,0.07696756930418418,1.7640976922612794,-0.2026379192379159,4.589595855121881
91,0.04740951646642088,0.047301188048445096,1.083284894272447,0.08188307766850582,1.7862549173260243,-0.21724599061991198,4.663925624020782,0.0001,0.05214350214096862,0.052041126703712304,1.0237539763181982,0.07421764825851145,1.7741016888282668,-0.1900618305351113,4.603964201161559
92,0.04660371508032454,0.04650149114601989,1.022238407211236,0.0634559577671715,1.7781788362702933,-0.20677723718356741,4.616298340988837,0.0001,0.05160211378210027,0.05149393476230998,1.0817888001321068,0.06077173819214526,1.782861805297959,-0.11680229358427541,4.618873045478068
93,0.046302720242664616,0.04620525650481559,0.9746370392836644,0.06882145529741927,1.7773682503674848,-0.23418520350211017,4.626082491493564,0.0001,0.05179011443970909,0.05168228187191654,1.0783246302268874,0.06682936201842737,1.7861819586283725,-0.14953600357509625,4.619077158645845
94,0.047451257272284365,0.047317553880636055,1.3370340734349686,0.0801394865260878,1.7949508856287222,-0.17640623593244695,4.692053424740346,0.0001,0.052735875400019366,0.052631106280105214,1.0476910194880527,0.05599540493018191,1.7825192565649328,-0.16359383183938098,4.649113433461793
95,0.04649390938293129,0.04639589674042978,0.9801268836956465,0.08211390140795581,1.7854315662892208,-0.24303515759965844,4.670078662106665,0.0001,0.05140836919907113,0.051312385310589424,0.9598393994317928,0.09086218486789246,1.7827924053433915,-0.2416069309791209,4.682206482954428
96,0.04627822027880811,0.04618248943947454,0.9573088646146798,0.08210780396792859,1.785786112714195,-0.22641946474540164,4.678359759213869,0.0001,0.05151472529265243,0.051418657191622426,0.9606830234258947,0.07589737304919203,1.7933365123372682,-0.11104196831042891,4.695862488007881
97,0.046173476112831124,0.04607758992624537,0.9588611847977443,0.07981430891021213,1.792814155243218,-0.2314237335276646,4.685981676802966,0.0001,0.05221996876135678,0.05212498125685772,0.949874396055517,0.0771385709899412,1.7872555977861646,-0.24791051919611407,4.717769770555093
98,0.04624744294274129,0.04615324520593638,0.9419781667301117,0.07662291128724337,1.8009992350905233,-0.23621063216886737,4.6956475530593895,0.0001,0.051274504302672934,0.051173244091406674,1.0126024367104114,0.08832534318658668,1.8133147149018838,-0.20476296309276787,4.642380526368047
99,0.0460832163354061,0.04598848933608769,0.9472705371426435,0.07361455081728804,1.8036516602043573,-0.22337628213833888,4.6983712071000365,0.0001,0.0516638045894428,0.05157223328108519,0.9157107984515983,0.06818272614143264,1.8177611105878588,-0.2634809135761059,4.740189075469971
100,0.04611458550629142,0.04601750715733315,0.9707831055402332,0.06970341147633259,1.8130397790278676,-0.2381439698201672,4.7121632899526595,0.0001,0.05160068977676647,0.05150320081853531,0.974890003741627,0.08452672773683576,1.8000079997828309,-0.18549574684666495,4.7095947265625
101,0.046202341154164786,0.04609391393990225,1.0842729526345303,0.0763798730305626,1.816758944340328,-0.21387832284905844,4.735549608301735,0.0001,0.051972395464987824,0.05181067179836018,1.6172371044964857,0.10790672027309176,1.8255811476371657,-0.16953301100998225,4.823080412099059
102,0.046227836160925524,0.046123033578029535,1.0480259533038572,0.07711251015852653,1.819770574993181,-0.23042396769187284,4.752368781325237,0.0001,0.051496630141013106,0.05139919973804917,0.9743041908237297,0.07036916838145592,1.8074727981862888,-0.25583302586431234,4.724452045601859
103,0.0460964321071153,0.04599833903341268,0.9809306198284427,0.0777285245129736,1.818544352033422,-0.22577025225637465,4.742656250406539,0.0001,0.05140974393612902,0.05128602274286915,1.2372133127400573,0.0819141793418938,1.8193780133421993,-0.30505322769913873,4.74332800717421
104,0.045956396542449825,0.04585472573104379,1.0167082634954638,0.07526783769549951,1.827496059410949,-0.22980327379673085,4.74805197961377,0.0001,0.051283496943577915,0.05118003954559985,1.0345754774523452,0.08259447622047343,1.8287827045145169,-0.15549704817805807,4.742926966976112
105,0.04601160909643076,0.045912260404700284,0.9934869850084159,0.07928501241584018,1.8321055451252533,-0.23175123819535876,4.768874574935669,0.0001,0.05174144142320458,0.051639610875240514,1.018304940680383,0.06528260506374735,1.835812530047457,-0.13206697612161367,4.71506320926505
106,0.046409444139069396,0.046312729899190885,0.9671419919278228,0.08040543994990378,1.8444863960120437,-0.22350356582815628,4.800917930332001,0.0001,0.05303883242984893,0.052957366312473594,0.8146600656106439,0.08177473826307646,1.8622959919378792,-0.20072527510494415,4.737467248674849
107,0.047075599316196585,0.04697244935280265,1.031499914123576,0.09667479650483038,1.8503472082991794,-0.21519892173736532,4.801650984037409,0.0001,0.052624932634578625,0.0524605055615096,1.6442711554782492,0.0889407636623987,1.8477990996669715,-0.2757204991411155,4.761699495181231
108,0.046303631847006387,0.046185389601130895,1.1824222988387831,0.08260809410475922,1.8460364650875383,-0.2126534438727082,4.805228494200359,0.0001,0.05239417152085774,0.05226882263808183,1.2534891501278944,0.08153978137063309,1.8343827019275074,-0.13443514606325138,4.704558177733086
109,0.0472565646155954,0.04711829092796912,1.382737555469967,0.08797598587842013,1.8398577006629686,-0.20637814538779983,4.804551243146825,0.0001,0.05370070271089043,0.053579887821221014,1.2081502743170296,0.08699160562434667,1.827766366407905,-0.47469174400181835,4.735884028421322
110,0.04648628536790451,0.04637729907888079,1.0898631314613043,0.08307214925598294,1.8306608697660862,-0.23452254099941763,4.750771799477125,0.0001,0.05199752627334125,0.051879624193403084,1.1790221006097927,0.07409731130784666,1.821340220075258,-0.1688516373831359,4.714845509596274
111,0.045623537814691265,0.04552262003796562,1.0091776738793559,0.07462065531930111,1.8395119539162617,-0.2252535424248992,4.802346818188791,0.0001,0.050827172545480054,0.05073271780996255,0.9445476842598176,0.07776448917640767,1.8404677955197617,-0.1621219257063324,4.820914557282354
112,0.0457920348089764,0.04568647756034485,1.0555721680182124,0.07826956030689379,1.847022588257256,-0.19985365256961587,4.798646628750789,0.0001,0.05283888329712438,0.05261353555489594,2.2534771704337966,0.0625235046929037,1.8573335744965245,-0.18769321556557234,4.905232093703579
113,0.04642906633485274,0.04628666391063541,1.4240246429960004,0.06929582884108407,1.8525693956530962,-0.21709084358367386,4.8426219955430785,0.0001,0.05110670804557666,0.050991063753903755,1.156443371739186,0.08032213749600128,1.8555424649950485,-0.1754242535008275,4.836304254934821
114,0.045639622880420505,0.045525452538954216,1.1417022813276965,0.0732305522736817,1.8565512101561308,-0.21129284232396212,4.85231806414589,0.0001,0.05196524233045712,0.051856928937871694,1.083134071927675,0.0785683385608062,1.8492055308650917,-0.16971743830461644,4.822449663995018
115,0.04632817752010869,0.04622298217052676,1.0519537619756762,0.08430620560796392,1.85771357314413,-0.20695140949602622,4.84204820544851,0.0001,0.052847909623048674,0.05273909525762142,1.0881414102836393,0.0703760296316214,1.8680260366117452,-0.2930377112098143,4.85534921162565
116,0.04613315834801108,0.046030259993899994,1.0289837386637768,0.07884106319232266,1.8558145492580813,-0.22624935367728582,4.788478130557397,0.0001,0.051495288039596986,0.05139291585541107,1.023724012811419,0.08654748396554464,1.860940162564667,-0.22467074855427507,4.7999782763736345
117,0.04552446066883275,0.04542239411315528,1.020665864326179,0.08036693376133328,1.8652617334260821,-0.2381932314644116,4.804930023782842,0.0001,0.05065135846675282,0.05055255274957334,0.9880583932701971,0.080233601407266,1.8739839322130445,-0.27359969001001033,4.794720004981672
118,0.04556270030064121,0.045457397251791896,1.0530310824751643,0.08040880201447285,1.868014757417235,-0.24367685898101257,4.827722867047596,0.0001,0.05115117300564135,0.05105306958438645,0.9810332017885127,0.0792901153925439,1.8679144147416236,-0.22118746748351506,4.8167950267523105
119,0.04551853046324071,0.04541054252885798,1.079879837709464,0.07863286309619144,1.8726817903044382,-0.21919309302976728,4.83750696080616,0.0001,0.051404240528042884,0.051302433696011424,1.0180700496888497,0.08314240713354568,1.8739392186554384,-0.26711170726888617,4.881592146107848
120,0.046327971560519925,0.046219885316189396,1.0808622796836163,0.08342034738596867,1.8696434610055142,-0.22943803119981004,4.826962097499976,0.0001,0.05129793212867119,0.0511816471920047,1.1628509424102138,0.08411306153300782,1.8824682487568385,-0.19643263882813108,4.853773546890474
121,0.04646247838744579,0.046353557300927585,1.0892102700355422,0.0854636981924516,1.8638561739591257,-0.22654685621740392,4.789623773754384,0.0001,0.051949944871831945,0.05183967559690207,1.1026933134441645,0.07262511860946534,1.8652809824742063,-0.22431621721512834,4.843468545188366
122,0.04602768621862358,0.045914602705788655,1.130835618578943,0.07198034582881267,1.8750496554332348,-0.24862400042207425,4.80847010688714,0.0001,0.05292018403259801,0.05277936496365238,1.4081893034384285,0.0467163740958966,1.87499750499994,-0.34683172677604246,4.808079343446543
123,0.04641899613408805,0.04630633064778935,1.1266547322908473,0.06642117577590062,1.8750088373678828,-0.2689138215819298,4.851749675947227,0.0001,0.051389185737975886,0.05127942829694546,1.0975741626511157,0.07199181653034518,1.874097662912288,-0.2774105537945116,4.810687427789393
124,0.04624219161671707,0.04614049564802202,1.0169595105186449,0.06914395201110925,1.8616216841218314,-0.2591909838850291,4.774005847544696,0.0001,0.0520284214699772,0.05192006988004899,1.0835163131566115,0.08828103752203391,1.8646827230990772,-0.16121874920348309,4.776189139191533
125,0.04576455191320361,0.04566595571357128,0.9859622897940885,0.07888313651508379,1.874801216709889,-0.26127260117121637,4.8059354057108745,0.0001,0.05179179905795715,0.051691040868910264,1.0075816058776748,0.07676593319211207,1.8741979666159188,-0.27815098588315534,4.83216153400045
126,0.0452693585260088,0.04516950841880607,0.9985014174801842,0.0737700205474933,1.8815242911740264,-0.24506295906697428,4.81534692787997,0.0001,0.051319705453557025,0.051220486281623304,0.9921896785077914,0.07562054001109701,1.8660969045800222,-0.14565531379858057,4.823909376708555
127,0.04528331398950695,0.04518362033457146,0.996937026880139,0.07164690883079176,1.884324310092689,-0.2439275769596228,4.840171846149235,0.0001,0.05161256133250787,0.05151290273372556,0.9965831494667161,0.06193094265083192,1.8815459281625881,-0.2097020338250088,4.811801030602254
128,0.04566451267638702,0.0455484468966299,1.1606583877947996,0.07898104344337491,1.8938119322537952,-0.22236989481419286,4.858172179538869,0.0001,0.05142119962354781,0.051316483602137634,1.0471579852238508,0.08460126554882022,1.8831142741189877,-0.27193527836614934,4.868333641911896
129,0.045657031267854926,0.04555651145866455,1.0051982420799364,0.07947918244672288,1.886869072702384,-0.21286168312258955,4.852817773395491,0.0001,0.05112298640986564,0.05102514911075713,0.9783712558343377,0.07496728559195155,1.876098268468615,-0.2656461637414677,4.844114525217406
130,0.04520412360451997,0.0451038795627561,1.0024399110521347,0.07859816793914798,1.8950837050195697,-0.2306657674274495,4.846441478119439,0.0001,0.05097088994274677,0.05087677032594949,0.9411978427792939,0.0773786007833313,1.883574344742466,-0.21980824995077622,4.797705730921786
131,0.045614882946332015,0.04551958137888256,0.9530159468972662,0.0812982478266711,1.8856020242663938,-0.24089523060511978,4.834648083200675,0.0001,0.05120347151663941,0.051109714040034254,0.9375726563829772,0.07316601418063674,1.8946270858737784,-0.21798119305724828,4.841064862801995
132,0.04517145953132882,0.04507467943718442,0.9678005622716399,0.07658139213946107,1.8930211200595537,-0.23952155725014782,4.83613433549925,0.0001,0.051220669502943336,0.05112360816606334,0.9706146985712186,0.06886817373230424,1.8881957128014364,-0.25401460563003175,4.828579466107866
133,0.04503466591543351,0.044937785787650154,0.9688016700278802,0.07543101091579688,1.8980966488802624,-0.24220090840494865,4.8639679878261965,0.0001,0.05164440474669698,0.05154646135551829,0.9794321748572337,0.08499785879967918,1.8869845799996818,-0.33704000438602877,4.889077475373174
134,0.045185749195714615,0.04508737094872375,0.9837827947169383,0.07320520398910049,1.897839509149216,-0.22948269716540076,4.8578285730541495,0.0001,0.051232651977891654,0.05112226695661813,1.1038512192981345,0.07656182175580885,1.8909938234678456,-0.206022802563253,4.856059725855438
135,0.044961402920566065,0.04485939066281433,1.0201219347823365,0.07655586545780751,1.8980085961983852,-0.22726797178175903,4.865854375951032,0.0001,0.0517319128651854,0.051630268371860744,1.016444249891899,0.08383824424424642,1.8980267333312772,-0.19660693346719507,4.851600082827286
136,0.04489928229544874,0.04479905285708752,1.0022938126569108,0.07939024015493545,1.9036904990567196,-0.23353939559633247,4.879051166148211,0.0001,0.05151336776538634,0.05140808591960182,1.0528176485652654,0.09595188215165071,1.8868711296941194,-0.1864814227578086,4.87745020423137
137,0.045170631415175924,0.04506684859245221,1.0378286124969671,0.08185888998885349,1.8984472446712677,-0.21700409935728596,4.859136179116014,0.0001,0.05153000339026183,0.051378199647010216,1.518038465943135,0.08800095896905577,1.8956960540422252,-0.1021148467610236,4.784673260970854
138,0.04639907584891226,0.0462680513446168,1.3102446998838422,0.05795753418367032,1.8881029225158015,-0.21226800557248274,4.8212980427919865,0.0001,0.05197941679769839,0.05185996772537769,1.1944912680437867,0.060467609269938,1.8931488990783691,-0.32098575020340125,4.865367117062421
139,0.04492325442934121,0.044813204381356865,1.1005006262083037,0.07143564471978277,1.8953332388591597,-0.2200417239318203,4.823274130507854,0.0001,0.05124562212698896,0.051143148205649684,1.0247413507649596,0.07319299976380778,1.8950941780923118,-0.2937189141209696,4.85322410959593
140,0.0450701362074586,0.044965399670717346,1.0473658408618947,0.06979781615532948,1.900052445396437,-0.2445774745273852,4.84761890170841,0.0001,0.05097048435832413,0.05085875482206613,1.1172962020820296,0.06563790578027846,1.9137507626708126,-0.15922112858027848,4.866084857725761
141,0.044750508728236965,0.04464838405670747,1.021246683110564,0.07114396736581627,1.9055947213570983,-0.2108565683623025,4.856314809877114,0.0001,0.050968519871083785,0.05087184706624125,0.9667277445255871,0.06634040984889152,1.8940513100422605,-0.11451037986282732,4.848497142254467
142,0.044824282726401966,0.04472314436021749,1.0113832379954324,0.06797964438187293,1.9151273332734726,-0.2080727318565644,4.887559435083854,0.0001,0.0513421506948874,0.05123456682957394,1.0758377506699361,0.07569076267766281,1.9132166009553722,-0.17010986614762477,4.8347554609809125
143,0.04508253075116269,0.04497957251780728,1.0295824528163957,0.0741246925008551,1.921031808980193,-0.21010691886205313,4.898803224783808,0.0001,0.05189524155477403,0.05178918904611762,1.0605242487410425,0.09807163235587134,1.9129521057639323,-0.3143307218249415,4.892207904600761
144,0.04537830623544978,0.04527878100267524,0.9952524804094969,0.06759667894133031,1.9120938866854138,-0.24175615701721037,4.893323071684761,0.0001,0.05101428091735907,0.050914468007608196,0.9981286097580279,0.07105706779050155,1.9195690121449216,-0.2524426784628714,4.876331289049605
145,0.044956413522812655,0.04485702060401228,0.9939294592948832,0.06386784764526157,1.914674192508203,-0.2191577025475791,4.869409804234072,0.0001,0.05135726734576091,0.05125476273012833,1.0250468228904295,0.06803319089009728,1.907800662685448,-0.12982581844422178,4.858542496049908
146,0.04495763866690717,0.0448559491661895,1.0168952393489452,0.06251612312258031,1.9103065712202083,-0.2227468419291549,4.860118509397625,0.0001,0.0515064047780675,0.05140397723921588,1.0242765747325522,0.0661895847026731,1.9278920166929003,-0.1535486854468538,4.935263069582657
147,0.044595349527114664,0.04449603948444393,0.9931006506747081,0.058773093580617365,1.9205442800403276,-0.22730898299191618,4.900644397227421,0.0001,0.052048728079863,0.05194565606578975,1.030720139053506,0.0664847997922293,1.9148673406789,-0.18557682519936017,4.929034750226518
148,0.044712387137842854,0.04460994431791996,1.0244282085984469,0.060036302049566545,1.9228578310453235,-0.19930975147081312,4.920082720727734,0.0001,0.05114865764765672,0.051043273644967815,1.053841321401193,0.0599611586248371,1.9247962874425968,-0.20610498589083132,4.933035951265147
149,0.04561720745800126,0.045502913867654426,1.1429360796884365,0.05842151404168212,1.9220867271321704,-0.22177326886213283,4.910858305902295,0.0001,0.051232863532405505,0.05113220025955791,1.0066311560886008,0.061979287264632504,1.916425733499124,-0.20695566789994777,4.950106687948737
150,0.044836547791454975,0.044728194219498606,1.0835364019468454,0.057453936200794066,1.929467041793132,-0.20143366146412534,4.905898200046953,0.0001,0.05145190105261937,0.05135267868008412,0.9922264814376831,0.05591658780902204,1.9195534377030923,-0.21285784202562252,4.970237067047979
151,0.044506972116380134,0.044409453326283724,0.9751882181497916,0.061273035409713086,1.9279453868764331,-0.2128771455258753,4.9233805993522255,0.0001,0.0509527546524162,0.05085003680326569,1.0271779046931737,0.0656385111661864,1.9261676744675973,-0.21278111218199344,4.881704135679863
152,0.0451425140290182,0.0450440168903469,0.9849708063352595,0.06632980920017083,1.9312208668588533,-0.21077533388885852,4.918343461004498,0.0001,0.050856593051846595,0.05075579084141154,1.008021050775555,0.0680346874598886,1.9377390112675412,-0.14812234180822023,4.937055963865468
153,0.044585061099108966,0.04448472803084719,1.0033300147386892,0.061563309262213865,1.931047527023573,-0.2217915216833022,4.923845032815612,0.0001,0.05113732001521218,0.05103749005307614,0.9982993350902074,0.058931064332874726,1.9274231699151052,-0.2213609766634837,4.953222268064257
154,0.044548909294007094,0.04445056596086038,0.9834327271098989,0.061331497075211516,1.9326462034222076,-0.22562149395714606,4.916497284735075,0.0001,0.05108782544102467,0.050996145627028505,0.9167951933095153,0.06967603068956187,1.9201012564377047,-0.2708469349103914,4.919595671371675
155,0.04452085346446685,0.044422338959855256,0.9851449413579056,0.06204974725445465,1.9365794078494898,-0.22988260315555822,4.942023425500304,0.0001,0.05106164131995658,0.05096612524398616,0.9551604751130225,0.06044146964247798,1.9327615247645848,-0.1273113153309194,4.887989420286367
156,0.04478004581392552,0.0446804129645943,0.996328434660422,0.058855928222567744,1.9342185252513173,-0.21779865118365596,4.924785386182063,0.0001,0.051412871973195544,0.0513106161649798,1.0225592381517652,0.06362507056812165,1.936114809882473,-0.3343139790313345,4.927548018979355
157,0.04468054980118999,0.04457754096542328,1.030089360147344,0.06187256849263373,1.9372330522876013,-0.21877093263488218,4.934942376761835,0.0001,0.051025242190545717,0.050927883302661736,0.9735911765568693,0.06449613930054114,1.9325625056951818,-0.22388454728668006,4.944726923821678
158,0.044438778149827544,0.04434037127169792,0.984069170896791,0.0556694928219221,1.9418949811962527,-0.21046582394258656,4.913176971896291,0.0001,0.05132280814815575,0.05122615412717134,0.9665399067838427,0.04950045411225776,1.9320859858687496,-0.14549244887812038,4.88017806200914
159,0.04448761902815707,0.04438627613824172,1.013429022915198,0.057719177240588525,1.942596199669169,-0.22882531658547486,4.955159789503785,0.0001,0.05201451102612724,0.05190726679185746,1.0724436884195032,0.0566472310415456,1.9277460910904576,-0.12400411588835045,4.94629039227123
160,0.044843356391385224,0.044738127924435725,1.0522850018199765,0.06301987929464868,1.951875766683006,-0.19946048721620652,4.960964871977405,0.0001,0.05139338440248664,0.05128679497980736,1.065894603729248,0.049071287972406605,1.9538072062210299,-0.2309848308353357,4.943841410354829
161,0.044988835250320276,0.04488405087370538,1.0478431383415818,0.05632928889873396,1.954856976310906,-0.1791209795792028,4.946785440665155,0.0001,0.05170156995595341,0.05158583788384854,1.1573185341458925,0.060747220167811485,1.965200788538221,-0.20063488247056663,4.948084307388521
162,0.04543641338631061,0.0453216628854694,1.1475046322570177,0.04474171797610938,1.9488885796514752,-0.22042499683515315,4.942117038035689,0.0001,0.05131587113293124,0.05120563103069722,1.1023990461524105,0.04694244908300084,1.946276736931062,-0.2125164080791595,4.952558692072479
163,0.04569866153912794,0.04556756342230216,1.3109819541815966,0.026840600694594225,1.9681794471893175,-0.19607625535931636,4.928587595057106,0.0001,0.05288336289600587,0.05275490292361085,1.284601070511509,0.03291238077037351,1.9594817950691976,-0.19644644246830173,4.97121865312818
164,0.045234634453301746,0.04511912311981457,1.1551126576232233,0.03226780025933606,1.9698764223400271,-0.21857306330830673,4.9379692280906555,0.0001,0.05169610925753352,0.05158391579146117,1.1219342418119942,0.02039661152947458,1.9599795022480924,-0.18217689980765883,4.914655416784152
165,0.04631134314168092,0.046181114675017274,1.302284672988668,0.0245851398864182,1.951230780692973,-0.26191495407246995,4.939548119770274,0.0001,0.052750621987900266,0.05263726937938744,1.133525358958983,0.028023575603122443,1.943520425071179,-0.21850967867149065,4.929324364997972
166,0.045721301550895876,0.045605491023001196,1.1581051932981976,0.008690315422802158,1.9667202437538025,-0.21018035375499902,4.9996060732202885,0.0001,0.05320260117591267,0.053080931463291944,1.21669601974353,0.01358656241545375,1.9938145657660256,-0.14135087231620097,5.027385584065612
167,0.0458176630990808,0.04570832025411921,1.0934288376813248,0.001146942003238053,1.9857095221643126,-0.168247770643578,4.992872510032586,0.0001,0.051858680978627274,0.05175386568610097,1.048155535274828,-0.00725162181426102,1.9796495689472682,-0.06673967736300973,4.978242679381035
168,0.04546320008289327,0.04535397404530226,1.0922603891967244,0.01975192786665835,1.9701049617933337,-0.16760043733103777,4.967767374977125,0.0001,0.053063628591702015,0.052965241313820154,0.9838744393536742,0.019682790479224346,1.9444801320492382,0.01830480136403578,4.942106562601009
169,0.04572487227803966,0.04558502834415986,1.3984386875404982,0.01672278128921668,1.9639202788286905,-0.13234827301433338,4.959002378778814,0.0001,0.05293792711806969,0.052803172454447815,1.347544790993274,0.019219411523933982,1.962655592972124,-0.20910123335591085,5.074408860273764
170,0.0453099816918479,0.04519727583941516,1.1270592791784297,0.017360168176688267,1.9602999409816193,-0.15707683193019292,4.992578733454377,0.0001,0.05150951025351672,0.051396601164424925,1.1290906760054575,0.02666737310404719,1.9588688830254783,-0.061555265160408656,5.012213492057692
171,0.04443426861975269,0.044329325339325154,1.0494326526699438,0.02028074161832752,1.9589825523471325,-0.15446111497235174,4.960301317923022,0.0001,0.05160737719754098,0.05150606745565441,1.013097133434994,0.011112899171896803,1.961644258297665,-0.1525864527252516,4.924178123474121
172,0.04426677195193183,0.044161856511928686,1.0491543550897873,0.024336967432001345,1.9598625826369807,-0.16820244687897518,4.965200071859953,0.0001,0.05133154342921687,0.051225253446421155,1.0629009503713795,0.025539278170802225,1.9546907720431475,-0.13079105555670154,4.968482292873759
173,0.04431853920128693,0.04421642650957641,1.021126796043152,0.02064949974622809,1.9675650084209273,-0.16456540097201863,4.983236396715019,0.0001,0.05148744556895444,0.05139031974782406,0.9712583800436745,0.015585172737778073,1.9692990645556383,-0.14951220085241004,4.9800550836912345
174,0.04433209086118223,0.044231124123025746,1.0096668811716787,0.02389206941079077,1.9653783752905538,-0.16263322249968035,4.958118184633407,0.0001,0.0513101688677996,0.051217323982379805,0.9284465136662335,0.021700050209609554,1.966078197452384,-0.17936236007322728,4.932986507953053
175,0.04492262491152405,0.044807172332415574,1.1545255873385374,0.024634088058164014,1.981208597576216,-0.17510481770204125,5.033273613897564,0.0001,0.05276369838647439,0.05264307259463928,1.2062589383461106,0.021892132145733063,1.9964551371587833,-0.20864236949037918,5.085348774010027
176,0.045800522389965626,0.04569472079735984,1.058016087403306,0.019412640727010967,1.9955827823540668,-0.18210582145175117,5.0017250257529335,0.0001,0.05374450252299577,0.053619280824778785,1.2522201202285121,-0.002872825665792949,2.0123136245029074,-0.09976743959533182,5.1169606934131036
177,0.04536924169764425,0.04526174540894493,1.074963048762157,0.018719360245586923,1.9993304058671209,-0.14673237802132427,5.038340005315642,0.0001,0.05175206957148834,0.051637832337701826,1.1423720138173707,0.024219148116789654,1.9869503823804184,-0.06754379443542272,4.968998908996582
178,0.044748623685027945,0.04464331001281527,1.0531365007532638,0.019372361750204653,1.9868177499483153,-0.14861740020858902,4.987439193691707,0.0001,0.0513684594820083,0.05126772123113484,1.007381450122511,0.012564008845619753,1.9849614610134716,-0.21234914841471422,4.9549272765576
179,0.044334013977784456,0.044229321797141806,1.046921300739844,0.01863676195775637,1.98383329541391,-0.15480280306893707,4.976685871239454,0.0001,0.0510729366624859,0.05096146495829166,1.1147147769659338,0.012228552822653256,1.9742182258149268,-0.1753124265642968,4.973045678205893
180,0.044234854306489706,0.0441293562621831,1.0549807085872331,0.02357563754249212,1.978160589668721,-0.15472402641935137,4.961220353365368,0.0001,0.051073291561972926,0.050950590101346165,1.2270172423040364,0.03503738962848422,1.984423190775052,-0.11970210210649743,5.06564922064123
181,0.04463917517217396,0.04453763783930885,1.015373357976944,0.021820231001711654,1.9809325797943196,-0.14248277377682794,4.963597187563963,0.0001,0.05123057762082194,0.051131396121542216,0.9918133624842469,0.032039826919495216,1.9859871192717216,-0.09475707832287708,4.96259670526209
182,0.044192183554357785,0.04408985120616522,1.0233228714809113,0.029884386292392418,1.9839798500016994,-0.18384916902078088,4.97692811552627,0.0001,0.05144822387628152,0.0513374752981562,1.107484435531455,0.030537042163417374,1.9808425248508723,-0.2310115579830509,4.987056060576103
183,0.04466388332880835,0.04455970898005933,1.041743727602713,0.032719674505306606,1.9839660960446455,-0.18691143320410614,4.973060482560424,0.0001,0.051105402410030365,0.05100623156193276,0.9917074702155422,0.03963101146296716,1.9836544302147878,-0.15393758761289883,4.987646445422105
184,0.043919280101917355,0.04381634254954742,1.0293760405552324,0.033050626410472454,1.989196110364599,-0.17976454005503884,4.962367979290218,0.0001,0.05179831584994222,0.051696890519118646,1.0142541334662638,0.037020366140444516,1.9808655540708084,-0.10164523087761654,4.9604881582125815
185,0.043894241330731616,0.04379102615821531,1.0321514602241042,0.036638217175885585,1.9811206600805795,-0.1880192376024356,4.94705772145815,0.0001,0.051177837007062535,0.051073861059168696,1.039760090095896,0.035382874126375564,1.9859022674426225,-0.12580390540804243,4.920878517795616
186,0.044093991019374314,0.04399009341403815,1.038976397438117,0.03444765436712844,1.9886918101810436,-0.18381075534910016,4.992539040784006,0.0001,0.05168488207207599,0.051576562750507406,1.0831929478846805,0.03291824247530648,1.983323228191322,-0.1864220147401514,4.98439802250392
187,0.044070410745658414,0.04396878002578687,1.0163080260342856,0.03508899248739437,1.994963342724219,-0.2077204272077381,4.992477859104082,0.0001,0.05135222917921107,0.05125462358266535,0.976057574782573,0.03689061357101924,2.0007021779745395,-0.24303019524250233,5.025929095039905
188,0.04398867638110056,0.0438850894967362,1.0358692063531485,0.03645285713315989,1.9947412196103464,-0.18804929877542867,4.998514544688575,0.0001,0.051318433712905565,0.05120824691905102,1.1018691205642592,0.033089677842570026,1.990620819615646,-0.142836798172654,4.974378451495103
189,0.04460003438073196,0.044492358765291916,1.0767568506525422,0.026269796908192904,1.9918622915528807,-0.1938888666389799,5.001714572601589,0.0001,0.051422068770502656,0.05131705530302625,1.050134068643543,0.030561912804841995,1.9787107437429294,-0.18439142209228496,4.959555390854956
190,0.044090632895143374,0.043987412412599604,1.0322056485746935,0.033000149583811235,1.993304349177684,-0.18393362048338457,4.996451457482672,0.0001,0.051221707022525896,0.05111765247625365,1.0405455735367788,0.0297738062480176,1.991687838460358,-0.23250599195000152,4.997817489462839
191,0.04434854223940449,0.044243163946969685,1.0537831045382824,0.03396364419223148,1.9974011612616043,-0.1775770037278672,5.0103027486038885,0.0001,0.052395572597292106,0.052291323811235565,1.0424862075859391,0.045063279621617894,1.977963150387079,-0.15707261423239302,5.032405524186685
192,0.04423108343597416,0.044128737208924754,1.0234621309048328,0.045021360577952585,1.9850190261752736,-0.19445490686398256,4.989623208664239,0.0001,0.050937354039977976,0.050837291903059245,1.000623256387845,0.03858632767494296,1.9887848958163195,-0.20322860214649371,4.961457171910245
193,0.04441241123655656,0.04431091856416546,1.0149270639114651,0.04543298031625274,1.9943188126091425,-0.19787024125559372,5.009685208911794,0.0001,0.05225671145697715,0.052151368589888156,1.0534311801614895,0.03457336329763204,1.9923275776312386,-0.11569345992347094,5.002820901467767
194,0.044274100689730256,0.04416619158857775,1.079090910631217,0.040682780647362526,1.9956251685615118,-0.19823640002310772,5.031124570653451,0.0001,0.05174150018834732,0.05163248885475414,1.0901134660546208,0.0600301449672437,1.990009517736838,-0.10589162887461011,4.9510564669756825
195,0.04451000200812812,0.04440439072624511,1.0561124627374205,0.049833540769945665,1.9892557006110942,-0.18282878296251276,4.996384569002087,0.0001,0.051227993003919094,0.051119688111291806,1.0830496986147384,0.051978612607213814,1.990905246264498,-0.1502944821800092,4.974790996229145
196,0.04419158120535407,0.0440829044859691,1.0867673149117356,0.04656071685664819,1.987728144305214,-0.18854344862420816,4.985978141771117,0.0001,0.05107732521186412,0.050967936889386514,1.0938839836859366,0.04549314359753904,1.9818923087187217,-0.1944874640632893,4.924540781638991
197,0.04386426666900383,0.043753490093466865,1.107766124960796,0.04801906497080415,1.9999010283400702,-0.18592078591197345,5.0043392028944105,0.0001,0.051527052330718914,0.051422430700819255,1.0462196469306946,0.03419940150014951,2.0072784507778327,-0.17153801422067722,5.046469507083087
198,0.04371197139232239,0.043610169213152694,1.0180211714063614,0.04464849793942741,1.9976474330437968,-0.18771221643972558,5.009801755366486,0.0001,0.051336086814252425,0.05123280807280205,1.0327883748941018,0.05006878329834468,2.002192520759475,-0.21108896196098395,5.06432061799815
199,0.04402653218890486,0.043924791116406396,1.0174109802364668,0.04947576781016895,1.9976243278273045,-0.2068201361420907,5.015474302518855,0.0001,0.05133958947910389,0.05124853220833859,0.9105741054239408,0.04872392600690815,2.0030093125894037,-0.15957182013547758,4.997969076667033
200,0.0438990680199798,0.04379792749339162,1.0114059348724664,0.04695999123103136,2.0043268663209877,-0.19399133262031779,5.021995434329099,0.0001,0.051345971740887196,0.05124683510249769,0.9913675314943555,0.04671084146264573,1.9990218575571623,-0.209354343968378,5.015158021953744
201,0.04410793877423445,0.04400385255209083,1.0408623252414684,0.055147179463616906,2.0024728349428194,-0.193286056480607,5.008403786545748,0.0001,0.05123249467619708,0.051133383957433026,0.9911081362778033,0.04772710871003883,2.0041569454569212,-0.0800615078105565,5.029008462395467
202,0.04393849294255513,0.04383243531729781,1.0605757192015437,0.05289212003561997,2.003081626832803,-0.19214018803361976,5.024191847067743,0.0001,0.05265256106643609,0.052537806227173606,1.1475497316306746,0.06481743063515341,2.0147165731644967,-0.24666521121078813,5.071837667008521
203,0.044159779282118033,0.044056833858997106,1.0294542736100896,0.05324935524345609,1.99949177289729,-0.17629194291859376,5.013065984363454,0.0001,0.05156950395501835,0.05146827758617804,1.0122624299895595,0.05484928571107522,1.9943798343900223,-0.14855960261365267,5.009819453870747
204,0.044123443174399236,0.04401897726378687,1.0446588113295248,0.04474884617021622,2.001486191529364,-0.20508532723969233,5.024789303699988,0.0001,0.051558163331847796,0.05145637061394436,1.0179280454004314,0.04461414650292464,2.014709064658259,-0.1493557534495395,5.041471158954459
205,0.043783968946438274,0.04367764408288269,1.0632480147888563,0.04125699702630458,2.0101661660954964,-0.1994053855069812,5.018138341751234,0.0001,0.05150309860916205,0.05140024056317101,1.028579314829598,0.04849507407823079,1.997395181320083,-0.234110934738542,5.04147538332872
206,0.04359533728082163,0.043492122985038836,1.0321430539576664,0.038883339646760356,2.007545838135809,-0.21066447070445765,5.031939360854046,0.0001,0.05130548171803985,0.05119843534390691,1.0704633845409877,0.03788710136333821,2.0028657627777315,-0.13402574033227185,4.964169146309437
207,0.044112554488316524,0.04400783759040583,1.0471685486407305,0.03617083264736468,2.009054488017758,-0.20443560846967104,5.033954190953798,0.0001,0.05130862281985686,0.05121548615500961,0.9313652448251214,0.030758843560453872,2.012774474184278,-0.23388455149678278,5.047371696418439
208,0.04364142641358964,0.04353772940487993,1.0369704972363705,0.04340054509502903,2.0131315518018407,-0.20785550129571748,5.035336160744486,0.0001,0.05176621554812915,0.05166305669806373,1.0315882169025046,0.049960838709498794,2.0118528403026956,-0.1975189786876591,5.050370296961825
209,0.04375258911248846,0.04365010167510112,1.0248742733501415,0.045868308648969944,2.0140051428843986,-0.2303090028495397,5.039610046264757,0.0001,0.0517881002644418,0.05169015414488148,0.9794631910995698,0.026075989060418706,2.009678209331674,-0.26253304239624825,5.081669236572695
210,0.04431088131787934,0.044206639374631124,1.0424196703184139,0.04266402315924053,2.008575197011497,-0.2197322864912543,5.01618089642025,0.0001,0.051599906783708384,0.05149400381135269,1.0590305588614772,0.034954975031211345,2.009206105285967,-0.18682774128785856,5.010742744929354
211,0.04394992153767371,0.043848747887101094,1.01173586034436,0.03170652491690634,2.016412212200741,-0.22937090908711508,5.0196799478141285,0.0001,0.05175805936606837,0.05164680897559918,1.1125029409435434,0.046850828532601745,2.008517065518339,-0.16493784933692027,5.0034950820493025
212,0.04363139815377088,0.0435300051941012,1.0139299389735843,0.0425185758230106,2.0118141182785982,-0.21023580544362702,5.031137172536359,0.0001,0.051309848597771684,0.05121280310649268,0.970452540357348,0.03521121448089539,2.006068911350949,-0.09423375425493004,4.9905934535281755
213,0.043537826844711074,0.043435030869914626,1.0279596713677603,0.0416221852723648,2.0090995692444524,-0.20024003414504377,5.015689376404188,0.0001,0.05137158762401258,0.05126768208935227,1.0390565655600856,0.03521584722042923,2.006049780778482,-0.17892209611936394,5.029200446437782
214,0.04405092270002695,0.04394620420083695,1.0471846451767808,0.0414726854919011,2.0039965964549387,-0.22498180961660663,5.024717584172955,0.0001,0.05142133446856284,0.051313567014647204,1.0776740589611966,0.0433974591883975,2.0055420331551996,-0.2518600512453368,5.053648068871297
215,0.04363356550516921,0.0435312295772572,1.0233589681808308,0.04058499134693222,2.013266360780909,-0.22881079937118812,5.039915472745472,0.0001,0.05147708569404105,0.0513656942672293,1.1139131549378516,0.03698091594581033,2.023881623442744,-0.16272297264798216,5.0598648030992965
216,0.04409540390023436,0.04399338103896983,1.0202280049002193,0.0387172409884142,2.0174948584758154,-0.21156526266832523,5.037059672137136,0.0001,0.051914599737231164,0.051807921064991345,1.0667848469505847,0.03235457727396992,2.022705207408314,-0.17813999055307622,4.998222431666415
217,0.043633237788801085,0.043529028876901306,1.0420886866788035,0.04066884246709398,2.02465359991016,-0.21504065103301212,5.076400748366361,0.0001,0.05134656101884976,0.05124150715033773,1.0505379388030147,0.045310853914895526,2.013521872775655,-0.13939023238662498,5.068551856027523
218,0.04429723507001811,0.04417615189989549,1.2108318822633732,0.03435026687531869,2.024616239125945,-0.2204771158765161,5.073711858549507,0.0001,0.051604621846910934,0.051478917907241364,1.2570393320540307,0.038928386742170425,2.024519040550984,-0.233762405734037,5.115838158298546
219,0.04358237098115058,0.04346805807950759,1.1431289977968058,0.037194177455419336,2.023116453079305,-0.22304186439158175,5.065095908264919,0.0001,0.05137481461738197,0.05126233656011837,1.1247804777722963,0.036990856856737336,2.0198623076291153,-0.2335211421612283,5.104313608626245
220,0.04426340279409242,0.044152922028440775,1.10480793680645,0.0402135234888557,2.016756227554267,-0.23159940278845745,5.045373994546081,0.0001,0.05242357182670647,0.05231610790524684,1.0746369857183644,0.04484607405225995,2.0071150467429364,-0.1955495839807349,5.0192435224291305
221,0.0447110459737837,0.04458701425624042,1.240317327408765,0.04537554830974415,2.0075565847579795,-0.2272291764488558,5.045985430214375,0.0001,0.053304093771837126,0.05314388220578852,1.6021173117865979,0.049259585393986234,2.0236927724220384,-0.22043512496625034,5.163794604825302
222,0.04410177879498653,0.04398214949715095,1.1962942848408835,0.04705721999768359,2.024152243751404,-0.21584995752688477,5.073966036469645,0.0001,0.051878740302693675,0.05176600210473571,1.1273828123656797,0.03660587441753334,2.0247994392690525,-0.21041849625467415,5.0603210825315665
223,0.043596032556960256,0.04348667117156631,1.0936140734603095,0.04290110107716404,2.024281279020157,-0.20533675899071377,5.055676939644145,0.0001,0.05102581992535524,0.0509219674891989,1.0385223182154373,0.04442762368371789,2.0216293083110326,-0.17772024987645868,5.073894816385189
224,0.043815233484969254,0.04371003599814263,1.0519752276938932,0.0366670452256821,2.0247730518530784,-0.1886942206508088,5.080442332035695,0.0001,0.05101629183955596,0.050910714908804694,1.0557671810539675,0.04771295578127176,2.012836180942159,-0.23822524513996823,5.075149724181269
225,0.0434993175991528,0.04339748184936085,1.0183579090645216,0.046803201308894114,2.0142734516577443,-0.21973888721394802,5.05155940420039,0.0001,0.05179312520883453,0.05168950688880934,1.036184529183616,0.0338487516511494,2.013114759619807,-0.16870615824165058,5.086753858646876
226,0.04352421398550854,0.043418778758330626,1.0543533313761384,0.0422142908030039,2.0187449637357124,-0.21303457304800993,5.060993445279543,0.0001,0.05135798837307473,0.0512470418823437,1.1094640661293351,0.03995909258513383,2.005117218259355,-0.2539153138936405,5.0442081035023
227,0.04355433477389876,0.043451017956538905,1.0331684306502131,0.0543216241682428,2.0177871215406995,-0.23414110038909222,5.052065574042962,0.0001,0.05159669679025529,0.05149767290748341,0.9902399266269845,0.053465550109534195,2.0169969679604116,-0.26545160614006535,5.097516073307521
228,0.04350314128210977,0.04339407073734179,1.0907049962512976,0.05149582294882879,2.0132196669468447,-0.22475875113467517,5.070501889047572,0.0001,0.05159563823065288,0.0514872970295624,1.0834142372641764,0.05951333754289318,2.0125035416912027,-0.181824177634758,5.051306959608911
229,0.04382706884804246,0.04372243868388884,1.046301683989977,0.05583856611133786,2.0169777868060828,-0.23559225449236665,5.046071662360779,0.0001,0.05127940017362716,0.051169394135055404,1.1000597032023147,0.05630337861432156,1.9993555310746314,-0.17338194509863225,4.98040214055021
230,0.0434872504045813,0.0433802543601706,1.0699605799907055,0.0494301154048283,2.009845049089056,-0.22052841221410815,5.019084562840301,0.0001,0.051449012431040615,0.05133985350249519,1.0915869600336316,0.02535494461550679,2.010053703482722,-0.2718455797425327,5.06605863571167
231,0.04336003566799325,0.043252480231212254,1.075554897899526,0.043391473631028805,2.011563806084926,-0.22258703139763397,5.057264516874486,0.0001,0.05163655010327487,0.05151874739939059,1.1780296169536215,0.046083176902062456,2.007745469120187,-0.1980445361827356,4.973234572880704
232,0.043980054755829154,0.04386633109188842,1.1372367749205703,0.04396270646930376,2.0177230125633905,-0.2276364967233082,5.048519917957313,0.0001,0.05176386814302122,0.05164034066485687,1.2352765546718114,0.0347868538605915,2.017765337312725,-0.2781708529087859,5.046087312026763
233,0.043627218401215,0.04351692618620226,1.102922272301059,0.04129263380175162,2.02212576544306,-0.22510926377763937,5.050789833068848,0.0001,0.0511744440546338,0.05106718575870487,1.0725817948999539,0.042193667149879564,2.0194938485051543,-0.2624877133787098,5.044230783489389
234,0.043424774484037296,0.04331648497979552,1.0828960292292742,0.03371585438401831,2.013997931675208,-0.23978575517846928,5.034045593776669,0.0001,0.051446969660235126,0.05134362528021907,1.0334451626723922,0.03055205606055302,2.018720484115708,-0.11573526840394652,5.015191494579047
235,0.043904000873384634,0.04377913211685726,1.2486873290255056,0.050617487839758925,2.023240503155317,-0.24219410332435903,5.100580561859782,0.0001,0.05163839480406802,0.051535184429564944,1.032105156233613,0.040942074914633385,2.0219896141911895,-0.2719986724968947,5.128958910283908
236,0.04379392258134765,0.04369125425233299,1.026683418090136,0.04639505185385369,2.0274851237478306,-0.2566199982509871,5.093707514910249,0.0001,0.05199642510901035,0.05189040607549775,1.0601889247625647,0.0712117925286293,2.0186410974448834,-0.22786649557906138,5.035618385798495
237,0.043466455943313415,0.04336281350051213,1.0364251461799785,0.04514228856955286,2.020467955731583,-0.2504464254180961,5.065789464947174,0.0001,0.05346810812471618,0.05336749490717767,1.006131199883743,0.03760127403156858,2.018543453283713,-0.21828011404165448,5.058791301619839
238,0.04450811864890913,0.04439747887357513,1.106397515397724,0.03909084500602676,2.0222324219732473,-0.22908249152365237,5.071665424224962,0.0001,0.05204975557788997,0.051930832663472266,1.1892287286234573,0.049108745608951,2.0188774827500464,-0.19303669747371804,5.104983148440509
239,0.04392999605826544,0.0438246882419709,1.05307807877898,0.04491532049398227,2.025861623443888,-0.20458944674108184,5.097809276614689,0.0001,0.05136891879456144,0.0512658979376437,1.0302070152591651,0.04624981034389684,2.026389479637146,-0.20986071530021203,5.099817571505694
240,0.043413363648561985,0.043309574649002584,1.0378903101858408,0.040320326039835576,2.0256913326561556,-0.23979366867808,5.070214641665904,0.0001,0.05160563150551957,0.05150391649402363,1.017149056347323,0.06342656018448548,2.016298191648134,-0.20919861801913087,5.081752266682369
241,0.0439401443974904,0.04383221601481759,1.0792840028952535,0.04547294540261291,2.024868473701748,-0.233433430731548,5.075701417973791,0.0001,0.05143476797031685,0.05133334090802032,1.0142699740302394,0.048890767382903835,2.0351696434155317,-0.3111315089946901,5.105053230070732
242,0.04315729879279543,0.04305340063826017,1.0389812255202135,0.04269523958991518,2.0338736251658274,-0.2566849127415771,5.111027574454488,0.0001,0.051304034468993336,0.0512034213039237,1.006131887435913,0.049268704170072584,2.0332274755961457,-0.21688345533756304,5.156763432731091
243,0.043055313425949156,0.04295348863698026,1.0182470642228745,0.04555729664134302,2.029212818687805,-0.2146525187645836,5.1053648037343,0.0001,0.05139038842958464,0.05128846821230902,1.019201742091649,0.04617835948584785,2.0230408252125054,-0.1784642321438017,5.086938105838399
244,0.04360068010473971,0.04349734500500491,1.033350931814678,0.047450965306792756,2.024118324156129,-0.2363603990847579,5.075196883606445,0.0001,0.05297643135131245,0.05286403572265531,1.1239571487399893,0.04234668906305877,2.0275457409066213,-0.08840160268608113,5.126370953841948
245,0.043709023010323145,0.043600770937639484,1.0825212796882033,0.039728380577575884,2.024455776646548,-0.211137852167709,5.074743301364499,0.0001,0.05211610242094792,0.05201178909817212,1.0431328340315482,0.055351720519468815,1.999634302837748,-0.20360618286674292,4.9662383979474995
246,0.04435559739664753,0.04424209362077883,1.1350378444944351,0.03950332778755767,2.024071969105126,-0.2147870348203186,5.053286327138464,0.0001,0.052346689390464565,0.05222969580913933,1.1699349863428465,0.047137118246353846,2.0226081425035503,-0.16132016573101282,5.116963896952885
247,0.04399104924544983,0.043878190335197305,1.1285895513598914,0.04697293417650684,2.0375628888501156,-0.17831269159305552,5.096910425020154,0.0001,0.052013495910755346,0.05190798745188915,1.0550853408558267,0.05252989129701131,2.0129165934844755,-0.1608240800371892,5.027499031013166
248,0.04342796790478073,0.04332042685966297,1.0754101489195815,0.04362850849306604,2.0217322466851977,-0.2253509027816001,5.0521913328560375,0.0001,0.051643318955747176,0.05153397927191895,1.0933965402589718,0.04438175901140965,2.015604207213496,-0.22611723097802047,5.0393240888353805
249,0.043310278900907266,0.04320404891976772,1.0622999250994694,0.04337301251493381,2.020812946356846,-0.21936052326414052,5.017582344543023,0.0001,0.05210310776888485,0.0520002274236209,1.0287991997221826,0.051099477676858365,2.018558341012874,-0.18232232597197445,5.022859707684584
250,0.043572666318706675,0.043469114242316774,1.0355218442464595,0.036964083881966016,2.0231117183742895,-0.2172662087490362,5.058367220165462,0.0001,0.05144572326205146,0.05134033128409318,1.0539193749427795,0.03176822088343997,2.0179743917895037,-0.2704729393754207,5.035635189271309
251,0.043666575639963574,0.04353995704245927,1.2661861538040067,0.04027801347800512,2.0228508520295736,-0.2292579299990306,5.075910079542739,0.0001,0.05198521927838594,0.05184768449882386,1.3753461132586842,0.056975093158617825,2.0228224975962035,-0.2715126739054079,5.1535818207431845
252,0.044308306692336846,0.04419388228673388,1.1442439691635051,0.03612466948520438,2.0266555342327,-0.24206369523898588,5.090413520433551,0.0001,0.05156261374203252,0.051455817329631726,1.0679620546354374,0.034483584903285534,2.019385191756235,-0.18382326520087433,5.074317717216384
253,0.04343680856785808,0.04332592853776727,1.1088002215058512,0.04049896001220279,2.024952689453721,-0.24944809392602457,5.07895257672027,0.0001,0.05167310092021042,0.05157019108743735,1.0290946599463342,0.03794884752534645,2.0289892243667387,-0.2364108859607294,5.083539002378222
254,0.04308635153233687,0.042979400783618435,1.0695071526361402,0.038723125736201,2.0297434571369504,-0.22987226319547285,5.076244155212999,0.0001,0.05199733859216663,0.05189741738665272,0.9992130046159449,0.03395000753373328,2.0329748761486,-0.20084525244704016,5.022247656969957
255,0.04335056433576568,0.04324491205914723,1.0565227222484974,0.04424909249503913,2.027768789769066,-0.25201273815115816,5.099057379666696,0.0001,0.05144940704946786,0.05135086456864652,0.9854273989167012,0.03247596236916495,2.0162526251564565,-0.2683520449823897,5.048425513254085
256,0.04338212473049998,0.04327824783923359,1.038768981849745,0.044706476551230806,2.0262110161315485,-0.24050025414546444,5.069793793490259,0.0001,0.051474099375412495,0.051371183193905254,1.0291628778820308,0.03480403765406407,2.012764997885261,-0.19796156988177502,5.030034609243903
257,0.043073306207546756,0.04296746873172731,1.0583750318676286,0.04235336408151403,2.0256025484146063,-0.25563690829757424,5.100060606934461,0.0001,0.05215287575839271,0.0520411127469909,1.1176314849249074,0.05373324826359749,2.0238843568613833,-0.23637788471254245,5.145903050060004
258,0.04379899092150941,0.04368529711282592,1.1369375872357912,0.04579251810749513,2.026246140947562,-0.23930649021243408,5.082071792168897,0.0001,0.05184278411554619,0.051719171637800376,1.236125629552653,0.03490824603908498,2.027280955247476,-0.180092807091825,5.123341150686774
259,0.04377910334014765,0.04366438908313879,1.1471422920218581,0.04356490333935124,2.0238257352242885,-0.2169872833433235,5.080256806808932,0.0001,0.05112639951034331,0.05101696018811683,1.094391749778264,0.03306339387322815,2.026358275346353,-0.26829851051451453,5.119327753362521
260,0.04316567184922962,0.04305842760321726,1.0724430910012226,0.03570791318033347,2.026183425215591,-0.24255392718092467,5.068651321302722,0.0001,0.05152781202759541,0.05142112385848878,1.0668808205026976,0.04105383147236327,2.021022019251971,-0.1662819614817559,5.1012665251610985
261,0.04318013194068393,0.04307006818257259,1.1006377159384597,0.042825540355663105,2.0288295654801662,-0.21063573362806573,5.086802048115705,0.0001,0.052717623996063015,0.05256370428792188,1.5391946795960547,0.05477776645984448,2.0053440651423493,-0.20119927942910246,5.091817741662684
262,0.0437207863224442,0.04360493163033976,1.1585465306498866,0.04765390967338166,2.0243520859503197,-0.21914786977865477,5.106519796496809,0.0001,0.05135582996086335,0.05123829038839944,1.1753955004920422,0.051294019891762396,2.019638182411731,-0.1832272633910179,5.029425244935801
263,0.04310393399272782,0.04299729351172651,1.0664054941961651,0.041330030316993144,2.0273079637100597,-0.2226439515499069,5.09183925591396,0.0001,0.051597500298644454,0.051484929423936655,1.1257048198874569,0.0422580710704058,2.0195311727658125,-0.21918125424376675,5.0964828477778905
264,0.0437156636843567,0.04356056891818453,1.5509474833312298,0.04690885078658219,2.023915082269198,-0.20680430467214872,5.090758213564939,0.0001,0.0515889677048569,0.051449955454174905,1.390124839796147,0.027885755419101512,2.021395888127072,-0.3002789404610513,5.124796565149872
265,0.04294147769892406,0.0428172439555133,1.2423375221382873,0.04203404789231387,2.02423943465387,-0.2115172368468515,5.107881660359791,0.0001,0.05151156572179055,0.051390241936478814,1.213237573563213,0.03197751215226214,2.037120817412793,-0.1683915150089478,5.04705797786444
266,0.043092870026112236,0.04297422501548039,1.1864500710638124,0.04966051826256842,2.031853127860684,-0.21058887305676102,5.101136872442323,0.0001,0.051525916222115636,0.05141223898865807,1.1367711819393533,0.059630286630610346,2.0223950080468622,-0.25279281750111515,5.058966327720965
267,0.0446130686255956,0.04446091070162467,1.5215792973553943,0.049978665081158835,2.049746984486893,-0.2354536035286716,5.100231598367912,0.0001,0.05186308915136566,0.05173761728154102,1.254718134101008,0.05492303441737739,2.044023439917766,-0.2408765932204018,5.134127724338585
268,0.0436036456475567,0.04348573307333048,1.17912568366337,0.051471030918573614,2.039451574559322,-0.2428854804679993,5.108286943994661,0.0001,0.05161869237330598,0.05149723993430675,1.2145266230677214,0.0577262304198574,2.0434599577541084,-0.19566827684535948,5.101711011268724
269,0.04298568758154106,0.04287146086114761,1.1422675165147596,0.05367134166732563,2.0425716987935094,-0.23948148574570913,5.115126442951588,0.0001,0.05160019966498227,0.05148928072041189,1.1091894818023897,0.052493816740076304,2.0419361255538298,-0.16674018744051353,5.141540084086674
270,0.04302016651625108,0.04290863853047203,1.115279967894986,0.05500783695844308,2.042650631223648,-0.2391421519785203,5.12489269893504,0.0001,0.05173735273346095,0.051625847554122896,1.1150508229161653,0.04502770498814717,2.0409458858866087,-0.274875859808649,5.1104375073607535
271,0.043323842672958676,0.043212788454116344,1.1105423156787404,0.050063423137469996,2.045314755787011,-0.2303480105611064,5.112279459172413,0.0001,0.05212261937033962,0.052008566512188444,1.1405284715370394,0.06169657230796948,2.0157370936702677,-0.19755028203969272,5.042203151004415
272,0.04359990160508647,0.04348797941014673,1.1192222011025803,0.05386561458371249,2.0406295366016205,-0.22587211869266646,5.0968729310518475,0.0001,0.053669209788802644,0.053552438570580015,1.167713247554403,0.06988615867957262,2.0665714505692603,-0.1987505340948701,5.174583206714039
273,0.04407746095349268,0.04396002519326566,1.1743577512288814,0.050638298661204895,2.04854672967223,-0.2562860546610442,5.151179549960853,0.0001,0.05236064962727923,0.052237377672548026,1.2327192652393395,0.046516118964678804,2.0485098294808832,-0.22967837257704266,5.149747485845861
274,0.043904299783267306,0.0437911654827491,1.131343010899017,0.042336263589653624,2.0502855997949467,-0.21105825528585176,5.144406919157526,0.0001,0.051898702087116916,0.051794690355448654,1.0401155268642264,0.04802994204448982,2.035411690322446,-0.16820279660988863,5.136552353979836
275,0.04346201886451054,0.04335384275664974,1.0817617209724169,0.04437499335879331,2.0450004904562373,-0.1934926372978193,5.10606062772219,0.0001,0.05173984432304409,0.05161006554541454,1.2977877200489314,0.046981889649596015,2.0369300305003852,-0.08826291814616972,5.01787943907187
276,0.04323649083530501,0.04312301664009399,1.1347416179853476,0.039403938749543725,2.0462083996506824,-0.21724867091258762,5.097432515972673,0.0001,0.05172174938128028,0.05161780543940168,1.039437793510061,0.034842315536569544,2.03940148084936,-0.25906882261936093,5.1462581527065225
277,0.04314165021794092,0.04303565903915817,1.0599115740765899,0.04389769904527211,2.0435482452013143,-0.22348747308180728,5.121247433006869,0.0001,0.05151673411609421,0.05140697798678573,1.097561779156537,0.05241419752718697,2.040461741702657,-0.1878746580693241,5.143317316619443
278,0.043103364827260245,0.04299712029896134,1.0624453116267867,0.04815306706390415,2.041113918670329,-0.21320761940574362,5.124651925813665,0.0001,0.052467932426173924,0.052351801380724976,1.1613120235187906,0.061484566929054935,2.031239613680772,-0.22137012195602898,5.183381255243866
279,0.04326663031631528,0.04315766942940427,1.0896090985826659,0.05155918866290081,2.039209006311203,-0.21238024666920705,5.126052295759346,0.0001,0.05181122135738252,0.05169124088027108,1.1998034052445854,0.05586052628260263,2.0256181552376544,-0.2198499333618445,5.144012437739843
280,0.04362933987132927,0.04350149033336402,1.2784951720949176,0.0691558354489545,2.0400591123167615,-0.18729473566896981,5.136930055770739,0.0001,0.05191328397519152,0.05178062848641839,1.3265551698039955,0.07428409841278909,2.0027808454674734,-0.20387619972543816,4.966379514882262
281,0.043308010850875885,0.04318811921121596,1.198916335724175,0.06722560628163454,2.032008812440225,-0.21496385717466737,5.1183261447859065,0.0001,0.051907666080014805,0.0517931192273825,1.1454683928422524,0.0845342143110826,2.0317961649155953,-0.18495903343444323,5.1058906232806995
282,0.04337191424906572,0.04326399425987558,1.0792002701208816,0.0632785062303975,2.0390657491412933,-0.20456924113539274,5.113030857133611,0.0001,0.05183954794012325,0.05172924225179242,1.1030605502531563,0.07450554624829493,2.040916251464629,-0.2016809403791394,5.140533017440581
283,0.042779826924707706,0.042673191297170746,1.0663564090830395,0.06632345393432394,2.045544622211219,-0.21044165803389178,5.141499908101707,0.0001,0.05218557189677803,0.05207300910227735,1.1256288306813844,0.0662138400153375,2.035607897060018,-0.19284756831877248,5.1176039803196005
284,0.04296705083091136,0.042852721092676606,1.143298237721831,0.05864180871293769,2.046926104789517,-0.21914097177465222,5.151771108380007,0.0001,0.052248114483876965,0.05212822005572453,1.1989433312080275,0.060986532082020393,2.0398167271009635,-0.22162629954244706,5.122859760069511
285,0.0430027287731321,0.0428910144963707,1.1171419995292677,0.06255793274375304,2.047100791499204,-0.2171089856688522,5.15170410556014,0.0001,0.05187980096105119,0.05176919221248425,1.1060881505549793,0.050229545840075315,2.035293058610298,-0.2210920031484164,5.137574263021979
286,0.04329917458800821,0.04318950935986495,1.0966529138981767,0.058933306329918375,2.0468053574248697,-0.22917771032559778,5.149441189706643,0.0001,0.054605375293275,0.054484947623921115,1.204276892500864,0.05274916408767163,2.0029092254772993,-0.2417285914047503,5.155229823690065
287,0.044155848286979785,0.044038636212900516,1.1721206437630933,0.0634286198235691,2.035901450983796,-0.25507271718225555,5.132375393625263,0.0001,0.05157088687722112,0.05145384282083579,1.1704395211918253,0.07494323181224541,2.046100317592352,-0.22220569696854536,5.133962543917374
288,0.043633051954381843,0.04351019982056656,1.2285214196725172,0.05996335852977226,2.0423241404826435,-0.2423736602125845,5.166483128684876,0.0001,0.05128050674225243,0.051159712577789604,1.2079439171603028,0.04522698514268432,2.0463335950609665,-0.23883495991393713,5.189320349357497
289,0.04303858605532727,0.042926009628610755,1.1257642249231017,0.05372184312523576,2.047533892399464,-0.2266973380283097,5.190478191070827,0.0001,0.052070781536085506,0.05195970817560881,1.110731840973169,0.0688060654301039,2.035453027402851,-0.10212595970697806,5.099752358987298
290,0.0442607516710701,0.044142157259541126,1.18594467671684,0.08303904137036516,2.0554038669457446,-0.2552621834836966,5.177146759168716,0.0001,0.052831177035687675,0.052711800317948976,1.1937693894748957,0.08227882355871335,2.058396084207884,-0.24594766549556188,5.165094409190433
291,0.043414188158527996,0.04330297352392127,1.1121465532013197,0.07203387982521345,2.0523426873645816,-0.23260510918398125,5.143864671459841,0.0001,0.05166456622766777,0.05155593592306258,1.0863029117315588,0.06596313768499334,2.045245869058958,-0.2598013333569635,5.153186274246431
292,0.04263689776892454,0.0425261279227308,1.1076981251659022,0.06822615693824541,2.044345722952279,-0.21056738620166762,5.141631527861736,0.0001,0.051851330613586266,0.05173345398105366,1.1787640410409848,0.05905287849231505,2.0439595353435465,-0.19293764762213111,5.137747361626424
293,0.04282259367750445,0.04271426802868318,1.0832566376477744,0.06259639792766283,2.0531003350262957,-0.23436150024603675,5.154479224982524,0.0001,0.051462572067976,0.051347605464324146,1.1496679648547106,0.06481014071425921,2.046274975991585,-0.26020013721344964,5.178603555115176
294,0.04288061869001516,0.04276907400659833,1.1154463924269058,0.06751222576330652,2.0479639222312778,-0.22477493166417334,5.14441574530322,0.0001,0.05174364217780006,0.05163269988457921,1.1094231798615255,0.051539890730464964,2.0506868950078183,-0.16073932496561918,5.140301314877792
295,0.042732836255145325,0.04261838107123362,1.1445522038381857,0.06165541726004061,2.0447696656994454,-0.23443757703645257,5.119669412846675,0.0001,0.05178084927545467,0.051669022514366766,1.1182668091545642,0.05602136002459996,2.047792459877444,-0.20858810364570415,5.15495946373738
296,0.04302801439608075,0.042918321085997836,1.0969327712567196,0.0604826128159916,2.043630024679601,-0.23381537599671057,5.114222443548443,0.0001,0.051831882499473195,0.05172564671702788,1.062357163765061,0.05282096627732398,2.0521835642801203,-0.3215233785375743,5.137488465913584
297,0.04280049253923431,0.04269305456489272,1.0743796656017406,0.05662515210268976,2.0434872661560086,-0.23050955955111166,5.122298040779615,0.0001,0.051380074097656867,0.051275325965293696,1.0474829724137211,0.05073576341842262,2.0341525161770027,-0.15620034680419773,5.086447238922119
298,0.044384455132971436,0.044264855217287846,1.1959998120634847,0.0363102860857946,2.0463356025265544,-0.21759668889424066,5.156807904556843,0.0001,0.052967901013686626,0.05285742270274901,1.1047832562889852,0.03616865469851124,2.0422610850401326,-0.16158164666414682,5.163846452471236
299,0.04404938668608136,0.04392551381941587,1.2387295504022873,0.052438272596676015,2.0370384270513884,-0.2445495492599417,5.1361809513708625,0.0001,0.05275822220973565,0.052632054655065,1.2616765171709194,0.04655680191558852,2.040976922276994,-0.259522387957935,5.116765364794664
300,0.04392793189343826,0.04380828881269026,1.1964310572795291,0.06867121199069819,2.0485948061646617,-0.24430213376292859,5.142525641575165,0.0001,0.0518214693686492,0.051705969261451504,1.1550016890109425,0.07093339093344313,2.0469476672965037,-0.2287572607870253,5.092338212778871
301,0.043010762983645257,0.042895763904041546,1.1499911384726502,0.061408560322746504,2.0418196770480006,-0.21428783240084592,5.123257244882533,0.0001,0.052989836152590494,0.05288920745673314,1.0062873774850871,0.04594839285586921,2.052275145557565,-0.16195596668879095,5.183511431788055
302,0.04326494637592224,0.04315742034776067,1.0752598030317317,0.0710703567854008,2.03752473806615,-0.20504502038075734,5.1044495694378975,0.0001,0.051753676273453404,0.05164422147290807,1.0945488751774104,0.07144136086735926,2.026470575534122,-0.15138935400697756,5.077531646674787
303,0.044040714279743536,0.04392127176584613,1.1944254103181204,0.06773711239412877,2.049632090446581,-0.2004073329648701,5.202116408102466,0.0001,0.053730685683623165,0.0535936337751402,1.3705200527755308,0.0808666680060642,2.069004522243016,-0.24697334109477595,5.348242820148736
304,0.04435431162891231,0.04424060813315067,1.1370347434419934,0.063119358976982,2.053233024917318,-0.20818694401677154,5.173332727611806,0.0001,0.05238981691884323,0.052273534972902755,1.1628207480403738,0.07137936689484288,2.041357206626677,-0.16011657096235685,5.147743366133999
305,0.042883022551029444,0.042769574267429104,1.1344826018196228,0.05237126580834865,2.043267024135081,-0.19878350498177919,5.121547195881764,0.0001,0.05226528293020289,0.05214924643367109,1.1603669247157138,0.05495481717754418,2.0334482629534225,-0.14871539273889553,5.110991659298749
306,0.04282306260421052,0.04271342008842774,1.0964247787612793,0.054337278465024105,2.043422669119352,-0.17711823559440606,5.1075211579168664,0.0001,0.051962476276176076,0.05185021454809417,1.1226163741568445,0.05739977745942666,2.0363018831736603,-0.2850757938560466,5.150676351198008
307,0.0432533455969597,0.04314650703373747,1.0683860456964687,0.05945762684221378,2.0422893421688046,-0.195710841340524,5.121181768380092,0.0001,0.05159098817638948,0.05148233798607974,1.0864997397006397,0.056320916546482434,2.0370405979559454,-0.2002181920524634,5.142460393234038
308,0.04266306597468167,0.04255311986759014,1.099460676762393,0.05926188667756414,2.039001168408572,-0.1818502423792687,5.104477041356305,0.0001,0.05199387989623446,0.051892277063198496,1.0160287475921739,0.028455231364973833,2.0476614421522115,-0.11234893182843504,5.124082585455666
309,0.0429916651671352,0.04288127990919256,1.1038524459776193,0.05668703168233589,2.0461355765378286,-0.1786411224159728,5.137626786003316,0.0001,0.05173767090473377,0.051624871055844804,1.127998192545394,0.055508816798388115,2.045348887712183,-0.16276849027145918,5.155412002348564
310,0.04373303106713041,0.043618206149810795,1.1482497180545732,0.0540327412567596,2.049347144248854,-0.1529384079922448,5.128358101548352,0.0001,0.051965486520612746,0.05185010782639745,1.1537879419998385,0.059879333410464544,2.048118893529328,-0.13705595094763057,5.116681045209858
311,0.04291731430148147,0.04280287024712266,1.1444406611034332,0.06142029377299346,2.045216728273124,-0.20881730659292486,5.126565378470277,0.0001,0.051570765306832085,0.05145350722989566,1.1725837487569997,0.06340269597483353,2.0498319528472257,-0.21224993598503125,5.189535194719341
312,0.04286281540195853,0.04275050394065003,1.1231135952536209,0.061515771980739826,2.041944984220908,-0.2098918834451084,5.126710718944271,0.0001,0.051742893027167926,0.05162382335730002,1.1906972535898988,0.051253387153568405,2.0422158862503483,-0.2702386044490505,5.174547457359206
313,0.04298451583217135,0.042870907536434875,1.136083498729482,0.06286273965509492,2.046259384807431,-0.21273220298002468,5.142437436864388,0.0001,0.05168767457067127,0.05157624526133,1.1142917787525015,0.06842193689564584,2.0409660238615226,-0.16278088255457476,5.114576944163148
314,0.04311210091422654,0.043000642481536254,1.1145842863018518,0.06642883681554883,2.052865815416746,-0.21697137487136642,5.165148874794399,0.0001,0.05150332370064628,0.05139509651442649,1.0822716531619219,0.05772795323544825,2.0566986866400274,-0.2278057897830723,5.20519760964622
315,0.0433924517943317,0.043264028902428614,1.2842294887158205,0.06981632953797522,2.0518377356588524,-0.18000227779298475,5.161900016384904,0.0001,0.051663891425434975,0.051533007076088815,1.3088408011785695,0.055817551701001715,2.0334469163921516,-0.1522227776491798,5.105889562150122
316,0.04320192823375097,0.04308141420262851,1.2051406657293466,0.06495844585354545,2.0478014164665455,-0.17100856637862985,5.124808347881581,0.0001,0.051909700508268784,0.05179179192218982,1.1790848240046434,0.06313819732044784,2.0455670927611873,-0.13912354850433242,5.130009812368473
317,0.04265250529280035,0.042538953816012,1.135515208142689,0.066756891136324,2.044606041527133,-0.20300789706730102,5.120379808740972,0.0001,0.05180479722543502,0.05169377769802658,1.1101943204100704,0.06383046276972328,2.0388252265016797,-0.18873661916545578,5.152717086630807
318,0.042586645971632975,0.042476890115712505,1.0975589970288862,0.06906583924532982,2.0460461301871344,-0.22525783471984798,5.14704699202922,0.0001,0.0514321575387263,0.05132599437320736,1.0616305873427592,0.08322594178394532,2.0336599249235343,-0.1573778660279292,5.103599790116431
319,0.04439827175496632,0.044276293721149274,1.219781384798392,0.07059660515554421,2.0459716442846703,-0.17546078584110122,5.162730927577451,0.0001,0.05199674307040765,0.05188214878591014,1.145941759499026,0.07513734740270696,2.0517743825912476,-0.10450313942060924,5.141650246902251
320,0.04303477977470331,0.042922108124802634,1.1267171711735362,0.06894104028547424,2.0504115453621847,-0.16997896205705423,5.140043320494901,0.0001,0.05251524366543327,0.05240372405715392,1.115197691279398,0.037748195624477426,2.0576908705939707,-0.21338196392630188,5.223445522953087
321,0.042824636579062755,0.04271634009072878,1.082964534128538,0.05944866786312252,2.057164689999067,-0.174095584580023,5.177487500395698,0.0001,0.05192465854572578,0.05181711607835662,1.0754267732862015,0.06274763762321271,2.051304667768344,-0.11414775899021139,5.204236735760326
322,0.0430787868804396,0.042964794429856124,1.139923683703475,0.06011319039042106,2.049027982655893,-0.18630159325865592,5.1679967080721,0.0001,0.0522715311864732,0.052161766504737694,1.0976462943453185,0.06402624204335078,2.043261794976785,-0.1760023233044604,5.137020057355854
323,0.04332770882621011,0.04321032847554074,1.173803699058919,0.06462309395044143,2.0536894023312557,-0.17237755288014298,5.179024149215454,0.0001,0.05167412511269811,0.051567754117955625,1.0637097215988267,0.06678932233595512,2.0500497448612265,-0.10098434501642388,5.190817812798729
324,0.042611905524166396,0.04250275434638319,1.0915112025360867,0.06537266949036194,2.0537933009555878,-0.17704827985895855,5.185717230368254,0.0001,0.05138811054573932,0.0512816068047369,1.0650398638886465,0.05526668352770134,2.0433318782860126,-0.19597729225970908,5.161218864817015
325,0.04266728818098987,0.04255857129397655,1.087169448075879,0.06824602285271004,2.0447687988382883,-0.20734399026731232,5.160770135916783,0.0001,0.05145414939648669,0.0513374366810624,1.1671274740931015,0.06222289438608666,2.0479793750064474,-0.22859888170963863,5.171383683110626
326,0.04362207177040526,0.04349834314459806,1.2372863194235264,0.0695147346672114,2.05534661409063,-0.22199792865284124,5.1903769576104875,0.0001,0.05255268041936444,0.05244261330701935,1.100673584031387,0.07447700076539751,2.0577463197036527,-0.10804355537689382,5.140832726384552
327,0.0432621602690241,0.043149974362570696,1.12185916235773,0.08117843226101217,2.0584118417058916,-0.18479060747294287,5.196692424387957,0.0001,0.05194164461023371,0.051834212642320444,1.074321902134049,0.07805046628058797,2.0438554236586666,-0.09250838067513746,5.106420765460377
328,0.0431676618556358,0.04306115938903066,1.0650244235568953,0.0692419565181855,2.05655712958551,-0.1698008812390157,5.188964989426716,0.0001,0.05214130122896651,0.05203146613399747,1.0983507943824984,0.07739459660271523,2.052189583509741,-0.14314854802468688,5.194992797475465
329,0.04346009360735518,0.043349137728236495,1.1095589404631254,0.0802866927948557,2.053997229513436,-0.15570720430210458,5.174449354886585,0.0001,0.05264775953452352,0.05249865793846023,1.4910164870006937,0.09976783730614354,2.05496170319302,-0.16787478340376483,5.137760424278151
330,0.04299250450216856,0.042875488846170755,1.1701554148912854,0.07916746631291154,2.048159881764576,-0.18382656072381368,5.144026519138478,0.0001,0.05233910905433373,0.05221332767060105,1.2578159335633399,0.07049155838682618,2.071371770240891,-0.20963085623799074,5.213778408480362
331,0.0432237732831263,0.043092976802328126,1.307964538172761,0.07509877105271626,2.058509240565461,-0.18575832424280075,5.178586759109904,0.0001,0.052088661827671696,0.05194927526401802,1.393867012480615,0.08002316374594057,2.0507235359138165,-0.16213061836298923,5.18080726139982
332,0.04291273019281522,0.0427880256898291,1.2470443198990018,0.07200550844439604,2.062254865258456,-0.19373764369395258,5.1795788793750175,0.0001,0.05373625987222497,0.053594908978737574,1.41351112513475,0.10550384916050333,2.0685785270073045,0.010278823011567895,5.191706973062435
333,0.04428329736285481,0.04415762288823433,1.2567444032928237,0.0792320238204663,2.068142696765134,-0.20158157035539698,5.16825509113698,0.0001,0.05202410669184067,0.05189277515025206,1.3133141952501217,0.06773556023836136,2.0494834318966935,-0.15780975057048277,5.11182778989765
334,0.04418318123154699,0.04402528096446982,1.579002556008937,0.06435201352141255,2.0501858809066285,-0.162796943958809,5.107567234107063,0.0001,0.0520033936580302,0.05187656767141651,1.2682584423414418,0.07154286705272299,2.051829479110073,-0.15715064535993087,5.151036833373594
335,0.04364020758859324,0.04351701512668103,1.2319252457119008,0.0776524763441848,2.0538481056796085,-0.17860257817261901,5.158609597763414,0.0001,0.0521416043416715,0.05202533325678866,1.16271328338435,0.07626812390878167,2.042588433749239,-0.19321651015312633,5.078513803616376
336,0.043052842172249806,0.04294185260009702,1.1098959718038515,0.07525488918193915,2.050926795014268,-0.1823058552329956,5.141882278144254,0.0001,0.05208907790586982,0.051976912825460166,1.1216502256796395,0.07678446100211479,2.050752258636582,-0.18917794549234315,5.1597683328977775
337,0.04316896563445484,0.043057202353253034,1.1176328769162112,0.07153621535635757,2.0545586330640804,-0.17534787524355075,5.142689407612884,0.0001,0.05187838508839339,0.05177084351299514,1.0754164255840677,0.06706738330318894,2.041270115006138,-0.18474040607410208,5.151213451170586
338,0.04309627921924286,0.042986910227772186,1.0936903360681889,0.07367740965863527,2.055175516152255,-0.17137619049981448,5.154156933881038,0.0001,0.05186500059257091,0.05175604314451486,1.0895730483699853,0.05488950659481572,2.0495251215679544,-0.1544637440861216,5.084959036867383
339,0.042697161128397096,0.04259148508072111,1.0567620956664823,0.07140717339134556,2.0488655154277335,-0.1555503715019091,5.146353355732947,0.0001,0.05285604691631358,0.05274673787430978,1.0930924978054746,0.05134355560154982,2.0287767077835515,-0.11641890730079212,5.191814113670672
340,0.04378185667375477,0.04367556001455068,1.0629677092838457,0.0797715917110549,2.0535517577379676,-0.19872630135401037,5.1867723761401,0.0001,0.0517853980647846,0.05167524731704887,1.1015072347412647,0.08411985808904741,2.054093663121613,-0.176516335100939,5.1211155367569186
341,0.04287326102993628,0.04275890141990214,1.1435967093039152,0.07406360063814355,2.0543976693974932,-0.15038469723168577,5.155704586374611,0.0001,0.05175567381608654,0.051642142131295005,1.1353169016435112,0.07193384046705675,2.047501245015104,-0.08166715703104478,5.131254780460411
342,0.04262930731790315,0.042515125036319025,1.1418232768509358,0.07001411065221044,2.052220500383665,-0.15481089130437894,5.195384430419488,0.0001,0.05190466669663577,0.05179323633791695,1.1143024756874838,0.08085419478970514,2.047252930385966,-0.1460084656489567,5.20040739757914
343,0.043515772891245766,0.04339097123957019,1.2480167962518085,0.07080488687721917,2.069857296257629,-0.16135023400513374,5.213783824846122,0.0001,0.05203478856825493,0.051911918000436166,1.2287063741348159,0.07795384862053563,2.067911787771843,-0.18914642551599045,5.240687706101109
344,0.04339548700603245,0.04326785324376282,1.2763378020925167,0.07183643687867144,2.064559414374045,-0.14479886217400373,5.185338193951026,0.0001,0.052175075812658796,0.05203668521323674,1.3839055988150584,0.06622672542719774,2.0684834080682672,-0.09111697897052681,5.204788839313346
345,0.042960554900617204,0.04284394526486922,1.1660957911298289,0.05864923441415358,2.058167579330729,-0.18280163319300874,5.186637337212029,0.0001,0.05189528237556068,0.05177507355389461,1.2020868071368043,0.06605284996855428,2.0615413407204857,-0.15224724771900916,5.161960595090624
346,0.043076542667634325,0.04296754349889912,1.0899924242051837,0.06305873414524707,2.058401104823734,-0.15352040949173365,5.174339477376447,0.0001,0.053790193103568654,0.053608364097669094,1.818291420667944,0.098905602391337,2.0175590464766597,-0.065518483152272,5.133728369860582
347,0.04501970126880846,0.044866577300307596,1.5312385868221574,0.047524255444006215,2.050760736685663,-0.1366923984740224,5.176306588188158,0.0001,0.05205286226012337,0.05191799211250225,1.3487022594666818,0.06446790668955991,2.053688877065417,-0.05957365506590987,5.176567258969159
348,0.04301613939141931,0.04289995876949803,1.1618057708545435,0.04984176256834508,2.0535124231189434,-0.11933685716847041,5.172603360713057,0.0001,0.05272512415974912,0.052617840626290144,1.0728359356732435,0.0149062358787362,2.0746510095999273,0.0020891511288117356,5.205032301620698
349,0.04364052280571914,0.04352560195059484,1.149208887114618,0.04757650535997023,2.055740861020334,-0.14120465693809775,5.191860196433736,0.0001,0.052182862403946866,0.05207344218039177,1.0942022959950943,0.043889571768297275,2.044081489804765,-0.14618694209690455,5.206439340618295
350,0.042919874793418133,0.042809745584669164,1.1012917765503878,0.05528099440554319,2.0529770476356495,-0.16312676078005534,5.19307390707636,0.0001,0.053269333245468814,0.053154002350400874,1.1533103089937022,0.0968152404251233,2.0415559369073786,-0.1363012577525117,5.206499596716652
351,0.042867104428593684,0.04275840362054205,1.0870078296051569,0.06882805856305371,2.0511911129231564,-0.1691253792335731,5.18035104389089,0.0001,0.05181138694915973,0.05169230132875308,1.190854782789526,0.07328208499181439,2.046186290996175,-0.18540112001978806,5.148866176605225
352,0.04343367938686751,0.04330687600040732,1.268033239705948,0.07534279012605945,2.0520865032135065,-0.1795309796120035,5.157197532179512,0.0001,0.05211605913412403,0.052001837273718605,1.1422191237060118,0.08494891950362166,2.041857272806302,-0.15183268831944435,5.1540320423287405
353,0.0430121862231944,0.04290475456795091,1.0743167840778087,0.06956196672797574,2.0586258355084786,-0.16573544676257645,5.1813505623310965,0.0001,0.05188847627018539,0.051777696578015744,1.107798134776908,0.06751524001150064,2.0534253540173384,-0.1880132295847149,5.115784289131702
354,0.04315654797145359,0.04304630198180146,1.1024596837231786,0.06387547442613443,2.050790856405431,-0.2004594481712477,5.173586124636987,0.0001,0.051791823613391796,0.051684013922029814,1.078093190428237,0.06148105350808358,2.0474407975102813,-0.20161776003283513,5.158665529439147
355,0.042766640439206076,0.04266345134703029,1.0318907975727034,0.06662439191664303,2.0522434571708286,-0.1981105166556666,5.193320909571266,0.0001,0.05243030578737527,0.05232903702368199,1.0126884940644385,0.07662831734813436,2.0604733950655225,-0.14983058235489985,5.18412833146646
356,0.04412822831640447,0.0439835050594902,1.4472337728283544,0.05420096432310438,2.0800757156172187,-0.15727203385962588,5.20637352470818,0.0001,0.05330478520670407,0.05314493126852412,1.5985387127164383,0.042989177078428406,2.096390986106765,-0.1683656924050039,5.293246484138597
357,0.044515594426496205,0.04437639928864543,1.3919517335417428,0.059075588709468,2.0850667542716748,-0.1415665556801424,5.19758465362061,0.0001,0.052988411045410265,0.05286100979002429,1.2740083076584507,0.06980095436455498,2.067531276756609,-0.1094462230775348,5.200989179208245
358,0.044202604441908495,0.04407828409707779,1.2432040610279538,0.06897555557174731,2.0935929909904303,-0.1391037027371202,5.226153633734261,0.0001,0.05243655304673692,0.05229746403408722,1.3908895338085336,0.057373483468529204,2.080794498954021,-0.05850768713018214,5.180286454482817
359,0.043199538724698776,0.043071931102321374,1.2760772147144772,0.061554177880922385,2.079305488940454,-0.16432905130385675,5.200150643953422,0.0001,0.05391529868815986,0.05374538163903733,1.699171355072881,0.041192086584026545,2.090479467956113,-0.10883165566040806,5.220369184520883
360,0.0446723051977941,0.04453591436319728,1.3639080880166794,0.0541077226691517,2.0854651966061093,-0.16793518250410694,5.227632019490162,0.0001,0.05297033562206886,0.05284680573033615,1.2352983489842482,0.0648342086080934,2.0794038436782194,-0.1903634940169122,5.25461020268185
361,0.04343627466361963,0.043312422712838035,1.238519700869362,0.06192819168708464,2.0809908938026767,-0.17667711793435126,5.220107219147216,0.0001,0.05207506110760528,0.05195211907717544,1.2294178848535242,0.07372199785961232,2.0784367608352445,-0.0710266562716537,5.1430434509062435
362,0.04318864978055865,0.04306074445256649,1.2790529635829146,0.07489993943308429,2.0808426389474004,-0.13512634515105193,5.2216321943496515,0.0001,0.05332832909385923,0.05320724566847506,1.2108372525430062,0.08453872065309068,2.0825452334444288,-0.0730634190135596,5.197538483310753
363,0.04363081245608694,0.0435032392810653,1.275730971650586,0.07957726057956316,2.0820618122551413,-0.15566301756876738,5.223981266970321,0.0001,0.052365605050409346,0.05223512817436541,1.304768701674233,0.08039943569562805,2.0657881716607323,-0.18007398948965359,5.2461639458025005
364,0.04369303361772432,0.04357095875282694,1.2207495165760522,0.07463624717446034,2.0722676085748217,-0.23168994399754506,5.245067436360551,0.0001,0.05172123707516093,0.051603475559345434,1.1776178361664356,0.08252298349226025,2.0862936872831535,-0.1465799689135501,5.2698247600609145
365,0.042596627317938035,0.042477694302003294,1.1893303428195934,0.07624515348492888,2.073095107163248,-0.18985401030179513,5.224297751330144,0.0001,0.052332089662971634,0.05219127389956528,1.4081572059174658,0.07552216868375389,2.049667214004087,-0.2201584707683241,5.334103429821176
366,0.04272691306342134,0.04260326208642702,1.236510467148166,0.07602598014590371,2.059916132085065,-0.2291580557063897,5.2454493888529745,0.0001,0.05178189870547241,0.05165621884901759,1.2567990900765003,0.07399057486737279,2.056704388537877,-0.18928991656907848,5.193965414880028
367,0.04241073643375142,0.04229637906352326,1.1435737505052272,0.07902515717975624,2.0629962434988887,-0.21331410812086643,5.232351829908246,0.0001,0.05187345023306323,0.05176060631031722,1.1284395355573842,0.08589996124657107,2.05767646473898,-0.09935254351773733,5.23191803945622
368,0.04349048152155711,0.04337803512930764,1.1244640387396194,0.09103159057257654,2.0650859713342644,-0.21483273157141905,5.237754402533306,0.0001,0.052340136132609676,0.05222747747746991,1.1265841411872648,0.09945536299910344,2.0742115067764066,-0.20329129171203558,5.2262467532090735
369,0.042467123340835154,0.042354552535138375,1.1257080455868114,0.0905267264210945,2.069082163155185,-0.21002189825042059,5.222123623741245,0.0001,0.05227838267742748,0.05216534126182677,1.130413398776256,0.08712952216746102,2.0674208150783056,-0.2975999386325269,5.2748543376653965
370,0.04278165660467707,0.04266900762081887,1.126489044294476,0.08641023198093022,2.0689617314940025,-0.2225408182042315,5.234225597517105,0.0001,0.052326053800717205,0.05222192710973847,1.0412675864259962,0.08691949229425108,2.0648478689328047,-0.08870298566762358,5.19104648643816
371,0.04394178587089741,0.04383112774040305,1.1065814055727388,0.09003479677859567,2.0660600302274443,-0.2200590320638477,5.234603208504604,0.0001,0.05183660768916909,0.051727493201762856,1.091145179641079,0.10111178226873908,2.071247507149065,-0.16334188924151355,5.212221239654111
372,0.042470599860482273,0.042360701669358236,1.0989818986948598,0.09370481868673175,2.0686989753750247,-0.21447945944137778,5.235316113934424,0.0001,0.05194302611577679,0.05183469194551589,1.0833413651291752,0.09843921629895627,2.070915267501079,-0.20370447244757497,5.260441511449679
373,0.0426572509751809,0.042541927299056974,1.153236854669256,0.08505101200213017,2.0680379552061985,-0.21381306303350742,5.203710666981726,0.0001,0.052149274242176136,0.052034114290710906,1.1515988875442826,0.09132335702298393,2.0551366789240233,-0.22861011342053683,5.223711611519398
374,0.0426893069625536,0.04257715740911067,1.1214960144425794,0.0849878936344311,2.062618367625384,-0.22371572326516426,5.200215846988279,0.0001,0.05217419648674172,0.05206315833288179,1.1103802869017696,0.07517474742842392,2.0537043255819403,-0.26882024290381185,5.20025084723889
375,0.043067619455961735,0.04295485598724964,1.1276344195352355,0.09887973318078272,2.068100196218406,-0.2086934818971826,5.233163786188536,0.0001,0.051897106613491624,0.051783900498084616,1.1320603036544692,0.09287653212815943,2.070912713735876,-0.11473424124046111,5.1720705502469775
376,0.04264806795594006,0.04253649717894901,1.1157077488424936,0.09174089549939755,2.068887098009167,-0.19723822767672594,5.226550172531372,0.0001,0.05212960051189006,0.052019198070949235,1.1040237378066695,0.10588705151433676,2.0682733747321116,-0.18140420736089138,5.259785363371943
377,0.04377152845858998,0.04364483203361767,1.2669639685861172,0.09691387564473211,2.0639759535052637,-0.20330789176260552,5.251150238789208,0.0001,0.052708279079114885,0.052587912221189956,1.2036699199340712,0.09889851919781993,2.062880532842287,-0.17205629783066015,5.231466642567809
378,0.0435314300051538,0.04340873270909274,1.2269721854855282,0.08086877178605878,2.0646358319751745,-0.2376695103334597,5.222911841492458,0.0001,0.053206214602564424,0.05308225179012393,1.2396289529934736,0.07389560772079817,2.063111382471004,-0.18997117824537654,5.196781863628979
379,0.04359813075558966,0.04347883158927489,1.1929919250693246,0.07110484943561401,2.067161439790607,-0.22986095636064885,5.213272491102744,0.0001,0.05181152032504619,0.05168707511374648,1.2444524529954077,0.08487639534221568,2.058023842287735,-0.21024728864169037,5.274917098837839
380,0.04299024687699484,0.04286614914638111,1.2409770740708914,0.07310027906383333,2.067710010662384,-0.23021765857013554,5.221103535240539,0.0001,0.0521607385869597,0.05203590925100823,1.2482928323074125,0.08447414972412755,2.0650906243794402,-0.1812866403603218,5.2035617626888655
381,0.043896045717766397,0.04376995456314002,1.2609113791484392,0.08420066441513506,2.0640084322138326,-0.23051717718872927,5.2587691200351205,0.0001,0.054465255109776914,0.05433433004458186,1.3092516324889492,0.07033217210375087,2.0545783932779877,-0.1965213599549213,5.224009352670589
382,0.0442660155724304,0.04414742038011233,1.1859512388388598,0.07851434709441386,2.0637900357136294,-0.17660968474957756,5.228187648271795,0.0001,0.05309038677475822,0.05295805591092983,1.3233081748787785,0.07705207552078744,2.062848947417568,-0.1640282855697081,5.251926059454259
383,0.04340645892555506,0.043286564589526046,1.1989436503201987,0.07795489187059564,2.0676429940794545,-0.17847722113235295,5.230099549301988,0.0001,0.05209796025719441,0.051985734837575695,1.1222558407716348,0.07025794060507291,2.0594967251092617,-0.16155682100494667,5.196703104905679
384,0.042454495192315186,0.042340403829649965,1.1409132417099515,0.07917315642585974,2.0642774990142767,-0.19477694091061626,5.210246180979863,0.0001,0.052185056285119394,0.052065398544073105,1.1965791742566605,0.0822730894449731,2.0532913023317363,-0.16092234868949779,5.1619655582266795
385,0.042786207999603997,0.04267101575410387,1.1519227275628179,0.08191615396028726,2.060697719004819,-0.18931542318703054,5.1942947219997695,0.0001,0.05242513078199306,0.052300770098054915,1.2436079408081484,0.06196920909512211,2.061853805058439,-0.1373108635381074,5.220513437835264
386,0.04237375445465423,0.04225882867658858,1.149258439219019,0.074551066612001,2.068788618219894,-0.1769438078434688,5.220040481425094,0.0001,0.05193789371512306,0.0518201286314239,1.1776517277032557,0.07640444298445338,2.053955254420428,-0.23889981031837598,5.270563797211983
387,0.042395134114033374,0.042275181225439794,1.1995288978461474,0.06872159686621086,2.0675858290961964,-0.17983166873413692,5.241144173522191,0.0001,0.05171210177137818,0.05159494312296451,1.171586063546194,0.0598948076892067,2.0695670775964228,-0.14085614700919727,5.221589545129051
388,0.04340782843953657,0.043285986276254136,1.2184214815365062,0.05638592328949042,2.074431610361509,-0.1613332692275881,5.218244416252123,0.0001,0.053299083256385694,0.05318940221004083,1.0968116076899246,0.051640695616812775,2.0733896275641213,-0.16983193084991105,5.242828375856641
389,0.042897970238650884,0.042777816111595764,1.201542298069644,0.0711899633994111,2.0745647804775205,-0.13969072038738656,5.236411810344744,0.0001,0.05236916889397191,0.052247376141833585,1.2179263393643875,0.07437126737245371,2.054115095608671,-0.1369705844775472,5.192517045518042
390,0.04262401805413129,0.04250482709658188,1.1919094497738256,0.07208649716199397,2.0715461488727143,-0.1638014846045911,5.241302111644305,0.0001,0.05204514330121833,0.05193649599669685,1.0864748837242664,0.06705337243390755,2.0692051195762526,-0.22389111457995967,5.29919295243814
391,0.042511114523105895,0.04240057993594219,1.1053451379069639,0.07257563123879805,2.0641092360549034,-0.17628647994703314,5.219433542254975,0.0001,0.052175168472696355,0.05206634298386708,1.0882549520949243,0.07834507551201632,2.052326477749247,-0.22251709833951064,5.198281899304457
392,0.042608964539812895,0.042500466002452435,1.08498493096333,0.06824095150849535,2.0639084829530328,-0.19722013758535978,5.213540831001783,0.0001,0.05163411969240283,0.051518509925251275,1.1560973105296282,0.07077938402202767,2.0658468696433054,-0.20302484318299194,5.241981949604733
393,0.04265158581439915,0.04253845598356762,1.131297588242519,0.06698155723393069,2.073094700623575,-0.19128898541826828,5.233381437366004,0.0001,0.052133671414684245,0.052028520373811185,1.0515101761885093,0.07140997765769422,2.0685744654964395,-0.24654359863677494,5.23519779930652
394,0.04262294536572261,0.04251346280583268,1.0948263000213867,0.06444412488391091,2.0696128126147797,-0.207206639192668,5.23773000337726,0.0001,0.05245913077198284,0.052338132293711245,1.2099840632626708,0.061816117503273656,2.0741487489619725,-0.16586197776929804,5.300716339702338
395,0.04272735118204281,0.042616547146550714,1.108040023866386,0.07581412006784925,2.0697250359858756,-0.19786061212110506,5.228211707797821,0.0001,0.05217813926053719,0.05207517082002801,1.029684196895277,0.06814034650443306,2.0721389894754116,-0.23955700940019647,5.2627084221638425
396,0.043048510294850933,0.04292291079252482,1.2559953578623744,0.08190552124068749,2.0617967503108945,-0.22559561116495178,5.208887677844845,0.0001,0.052022319496937204,0.05189866142373689,1.2365788708270435,0.08275420050805724,2.06026506759751,-0.17370028667886492,5.245032075425269
397,0.0424861770460703,0.04236919981085068,1.1697725354037107,0.08643692657748506,2.064600239638537,-0.21171354438628187,5.217556362253735,0.0001,0.05167818331802395,0.0515592705300996,1.1891276022078285,0.08097199843802923,2.0523680666802635,-0.2164406687231131,5.201597421941623
398,0.042582867319694,0.042468704908530414,1.1416235758822086,0.07947989868175497,2.066670977201174,-0.19964813655217512,5.2124238810361385,0.0001,0.05240192238084027,0.052276955576429904,1.2496705223137223,0.07286370692538544,2.054285099808599,-0.1770074670760512,5.1691775523440935
399,0.04384139773053767,0.04370551898771133,1.3587871870393229,0.06765082532119793,2.0582290222970885,-0.25854836352546673,5.172419278702135,0.0001,0.05258637740158699,0.05246045828705102,1.2591898802300574,0.08059068989585823,2.0575980149524313,-0.2129830555911635,5.210732735378642
400,0.043071106585738504,0.04294674114702968,1.243654540334671,0.06660128022224823,2.0604461022846228,-0.24216145733999977,5.19672319181859,0.0001,0.052047448888630936,0.05191864597965294,1.2880303540699918,0.07268938815719644,2.0587051032294688,-0.17011411921580283,5.14241563770133
401,0.043998003647816544,0.043851778000513784,1.4622565211453615,0.05896231004733387,2.0695250279949993,-0.21359433328524416,5.233555307608515,0.0001,0.053544235166529536,0.05340170151960682,1.4253355046393166,0.06579061907152055,2.064776962911579,-0.2660099023979315,5.237288575776866
402,0.04387577768699737,0.043747294336875,1.2848332396197277,0.06777810151845905,2.0667825206770143,-0.242375710507653,5.195532428646596,0.0001,0.052757232436831565,0.052631299995200734,1.2593251164530364,0.06798556530979318,2.072525790039922,-0.2160597479128292,5.268023813274545
403,0.04329473425702028,0.043164168886483036,1.3056536088193076,0.06668400009978252,2.0647349791670777,-0.19986933010397065,5.205598382289202,0.0001,0.052156446632784854,0.052032720717326016,1.2372566898104171,0.07216299703003655,2.067928480430388,-0.13800894440164868,5.230660559425892
404,0.04340234267497253,0.043276997994413174,1.2534463463837469,0.086974791560461,2.066126341718128,-0.21032411721638417,5.225496558905919,0.0001,0.05182355164851941,0.051702074286803394,1.214774531377873,0.08439408242702484,2.06177711318916,-0.18031379811360804,5.195934503850802
405,0.04284560625469494,0.04272800889428619,1.1759736444768008,0.0946666911032653,2.06321135761471,-0.2139440640367958,5.22303122017354,0.0001,0.05177033078712477,0.051650639938216815,1.1969107817596114,0.08677966735312637,2.0530167331158276,-0.17385559198512157,5.18570317013163
406,0.042333087303260505,0.042218751967165014,1.143353258843532,0.09332348839057275,2.0596448358803405,-0.20399798329305036,5.2093746598618065,0.0001,0.05206483119810131,0.05194862622400405,1.1620494253198865,0.08999768466177122,2.05484272896404,-0.12920909679271805,5.208436200316523
407,0.04276530212701214,0.0426394777739715,1.2582442895980754,0.08935827903489237,2.066889026660479,-0.2027228431876246,5.212637371957619,0.0001,0.05213882092019202,0.05201876551752359,1.2005525617532327,0.09992723817556677,2.071186169772081,-0.2098319003699531,5.204639125877703
408,0.04429761809669104,0.0441678423156588,1.297758137777474,0.11160576240313413,2.065241179076647,-0.17912883216651243,5.198138513954664,0.0001,0.052501770812021176,0.05238355570276019,1.182151758335006,0.05801769398467641,2.0699210200511233,-0.22923439526012246,5.202665248387296
409,0.04375871126316686,0.04364446347139339,1.142478321945265,0.08331206871021281,2.065488325977834,-0.1871571206416584,5.203259828882573,0.0001,0.051804768315083544,0.05168244798838253,1.2232062573164282,0.08533918353873239,2.0650766114114036,-0.18502999540470855,5.236423801368391
410,0.0423149416954331,0.042199213494468965,1.1572817100301305,0.08807473742199622,2.0650590001795686,-0.20042327636493895,5.215228848940102,0.0001,0.05188800216140881,0.05177082121372223,1.1718096111861753,0.089120385827313,2.059807925157144,-0.17720009747754886,5.21380356667747
411,0.0437891302666698,0.043634745102130924,1.543851132397118,0.075525622940614,2.061671648101739,-0.18640577650031812,5.2326189967709364,0.0001,0.052831307106034855,0.05268462443015945,1.4668259033015076,0.066271307445328,2.0591882853440837,-0.16291773692183328,5.240213051648207
412,0.043289997967267756,0.04315810251259783,1.3189542166504935,0.07813607147013103,2.0645611000315123,-0.21661313471397683,5.2268733902045295,0.0001,0.05222239932963546,0.052091060914623906,1.313385543688922,0.08114049247872661,2.0703100637650826,-0.13131894184355164,5.2100997105450695
413,0.04324717440213975,0.043123382694529595,1.2379170739841292,0.09249881711882765,2.070864347327454,-0.20676701272247264,5.256506182160725,0.0001,0.054185256099616975,0.05402438227139728,1.6087386977504676,0.05698968123801997,2.0655509753965995,-0.1929275014136039,5.2583478067962215
414,0.04354019040245146,0.04340648085381803,1.337095397086169,0.07649117827971283,2.071851687998797,-0.19215446952556725,5.227102888625638,0.0001,0.053088349145902713,0.05295873344154425,1.296158810736428,0.08174992478649382,2.058950882562449,-0.2583690989290325,5.1922037903691685
415,0.04245991552609216,0.04233540424855416,1.2451125783564565,0.07844239697654336,2.0638623972345624,-0.1957855283929495,5.2033433338253365,0.0001,0.05294832041565801,0.05282080462071258,1.275160379812751,0.07888911884855217,2.066308600801817,-0.20617941751236646,5.291434207432706
416,0.043579066814077264,0.04343967331278917,1.3939354561573658,0.07872753484475677,2.0762965844325443,-0.1348019044897577,5.293323671838953,0.0001,0.052045323479343465,0.051922940872084926,1.2238265729286302,0.07335551083087921,2.074315272586446,-0.08336643009564616,5.230088502588407
417,0.04267810844546631,0.042551387184122526,1.2672124595032281,0.0741829154996423,2.0718502056111663,-0.13493200407804323,5.2607190333717035,0.0001,0.05198832501617955,0.05186100771099749,1.2731740793711703,0.0804509194174283,2.0575299229420407,-0.18277948016536907,5.213473850572613
418,0.04340828506219768,0.04328567383820803,1.2261121289979924,0.07188272937722041,2.0602282315333826,-0.17642900609680315,5.235500976840302,0.0001,0.052634247381922225,0.05251367893857016,1.205682442221843,0.07039663610114179,2.0571180095135326,-0.1549269883945899,5.22393008353005
419,0.0428038387101137,0.042679559525439836,1.2427923042016173,0.0707469922730279,2.059211483857136,-0.1716393429097814,5.211124144057821,0.0001,0.05244696009117113,0.052322813952472846,1.2414611191816733,0.06902226852908941,2.060644828097921,-0.18083645407156362,5.215062954056431
420,0.042433449260718445,0.042314665544228906,1.187837551584464,0.07495275724738783,2.064328238341567,-0.20102300011299776,5.209634166839491,0.0001,0.05176056858519433,0.05165260080510462,1.0796782080556306,0.05708019094358028,2.060968941366169,-0.1814946428721797,5.192551371077417
421,0.043291283093167876,0.04316743965166394,1.238435311173461,0.06847567024242074,2.057172702218457,-0.21032256479863057,5.189440745866955,0.0001,0.05387622443303256,0.05369953024135509,1.7669412334200363,0.06020601251175706,2.0816103774057306,-0.2308964921574725,5.296916773621465
422,0.043779486671195994,0.04363907078946039,1.4041588319131366,0.06623200171661843,2.080798131746255,-0.16408087504423036,5.228649738203357,0.0001,0.05266555409196397,0.05252918496098317,1.363690777563713,0.06976721241650446,2.0642753201471247,-0.13225140724606602,5.216437353214747
423,0.043977748844143974,0.04384545462460755,1.3229421095568588,0.07995959085810989,2.079195216959789,-0.14323249103850996,5.218171589751439,0.0001,0.05324394518220928,0.053099999702732326,1.4394527455450783,0.08033830703983844,2.0840738524853344,-0.05764281663602598,5.26011881358187
424,0.04326386193928456,0.04313720879517165,1.2665313908939464,0.08975082681535827,2.073108575060355,-0.13881830489147143,5.229855608558994,0.0001,0.05402043545749825,0.05390231211630391,1.1812353965262292,0.07102061367370713,2.074102888644581,-0.17310958689662406,5.263361178653341
425,0.04358109332568163,0.04346019222498681,1.2090118442716649,0.08033752479122333,2.064063311681866,-0.15263374190668777,5.1918221316159725,0.0001,0.05319532059447866,0.053072011281906716,1.2330893454417375,0.08865208441103009,2.056598146196822,-0.14561074922307277,5.224033396008989
426,0.044224877906285,0.04409896389152822,1.2591395590910903,0.08025188567398073,2.059304240753553,-0.12650239619053819,5.174478401299268,0.0001,0.0524028818267332,0.05227615626555093,1.2672547521725508,0.08560317119872066,2.062652139596536,-0.04339256652132411,5.177924236781161
427,0.04265191255147249,0.04252125274515702,1.306598545391225,0.07635086126374098,2.062012124654455,-0.1171130256791025,5.192383927943228,0.0001,0.052235027276714086,0.05210509229923638,1.299349845295221,0.06722903388067031,2.046930133456915,-0.1105636671069898,5.138141846992601
428,0.04247707271448884,0.04235351061511315,1.235622362811019,0.08219442531784094,2.0568792589180847,-0.14513092378458772,5.178049522860647,0.0001,0.05275232859060798,0.05262045436341998,1.318742699186567,0.09578365014052727,2.054375577980364,-0.15637070912552972,5.219656709214331
429,0.043752155949892624,0.04361952660972547,1.3262926791108098,0.07497257133201427,2.0758439823323416,-0.17017244488136515,5.226526281549918,0.0001,0.053116500430123906,0.052988527526318184,1.2797306473826018,0.06843342936374772,2.064644304799362,-0.23771772890443532,5.297852925851312
430,0.042942318803966574,0.042824684686919086,1.1763411945602187,0.07206724005127672,2.0723123664754324,-0.1571553397773562,5.2374448301948835,0.0001,0.05230944829297737,0.05218895529987107,1.2049299453345823,0.07551077249604211,2.076480052840542,-0.1307163432840599,5.191592854513249
431,0.043115055886615024,0.04299745639888686,1.1759944474506547,0.07529970995261338,2.0751821230402214,-0.1624669177572141,5.224479455083979,0.0001,0.051619266907513985,0.05149910856090801,1.2015845003262373,0.06947490987433515,2.0683876947617867,-0.23779699395240192,5.219019701783086
432,0.04216771822945475,0.04204660470450221,1.2111345496736665,0.07402074677112047,2.071871019171991,-0.18385492062993544,5.219469235591313,0.0001,0.05179614285138291,0.051679983315333515,1.1615931467271188,0.07624995320195883,2.0617280107148934,-0.17259267544452572,5.216573016744264
433,0.04229821760346369,0.04218118405879391,1.1703357342928384,0.07717356664090555,2.068176488469803,-0.17205275129009912,5.201958938347933,0.0001,0.05267404586496487,0.05254813126275237,1.259143119126978,0.06805430510094468,2.077185892722976,-0.21140879843856247,5.299631864252225
434,0.042895152195494085,0.042765827234139665,1.2932496904056408,0.06306524481458943,2.0735556700301636,-0.17613700660049822,5.222957703402368,0.0001,0.05225166652194211,0.05212453390720864,1.2713239646293748,0.04269486093814944,2.0844939863178094,-0.17175943167670302,5.256377555954624
435,0.04610880653888358,0.04590049411168531,2.0831243881747312,-0.02291824484035558,2.0885316173729636,-0.10230992766244827,5.2602077538336145,0.0001,0.05349344691969979,0.05332319396482387,1.7025303655946757,0.0038864093399803403,2.098188903969778,-0.023490149409733187,5.1848255681319975
436,0.0439512177666593,0.04379788733238014,1.533304344697278,0.01861376590781959,2.0942518643333474,-0.15404932995241624,5.273305238246071,0.0001,0.05208624867906033,0.05195734487243102,1.289038144366842,0.04383894877219704,2.0661481417400736,-0.06625037714117535,5.190120132876114
437,0.04266299178979325,0.042534897093980395,1.2809471006291797,0.04588899014395253,2.076926555345579,-0.14827455580937568,5.222255702552321,0.0001,0.05198675735105931,0.051862582511885066,1.2417502587949727,0.0441588962476858,2.074206207839536,-0.2545974699544235,5.2857892076734085
438,0.04316296053266229,0.04304261242914581,1.203480581513095,0.05342665990917128,2.0847638898378578,-0.18697941311234756,5.22447695825282,0.0001,0.05177586389259553,0.051653169252922834,1.2269464882326797,0.049850994642351716,2.0848437497313594,-0.1692927201003046,5.245447911007304
439,0.042736410925935685,0.04261668642807494,1.1972446813253061,0.060261652052243694,2.0750732246131287,-0.1938752077067466,5.214736304952239,0.0001,0.052166758918426405,0.05205196488491246,1.1479415994294933,0.06901496942614166,2.0689412674433747,-0.10163366231857471,5.180742062313456
440,0.04250429303023044,0.04239209754587702,1.1219546936756764,0.0588153807866531,2.064150663506286,-0.21488683924029728,5.176493853912896,0.0001,0.051971443679551005,0.05185402882560878,1.1741460217556483,0.0655265350786733,2.059064480620371,-0.1975939125084961,5.160159446823765
441,0.042545535901088276,0.04242644184740462,1.1909401813789964,0.0627334675028735,2.065504159851142,-0.17858580246131014,5.1867173865675715,0.0001,0.052009416403065264,0.05189685822582581,1.125583869470677,0.0633085934628903,2.0560667498010985,-0.2488205611286029,5.1667995923002
442,0.0422065623210442,0.04208880793270167,1.1775441107275644,0.06565156355367884,2.0748366500725757,-0.1849718037839701,5.202923905150716,0.0001,0.05215030006119903,0.052031800570622296,1.1849943718440097,0.06062307276986015,2.0688337154791387,-0.10292238858200504,5.1804026684290925
443,0.04216061555656404,0.04204779532183868,1.1282018647524221,0.06528597176869004,2.081689002458833,-0.1822011208115807,5.223717556541809,0.0001,0.05179533887077385,0.051684450043339124,1.108887877262814,0.07469522134518959,2.0808197075212505,-0.13262291921591254,5.233999306047466
444,0.04299832376623344,0.04288077327632883,1.175504773272926,0.07351732631850835,2.0794802220210724,-0.20143711251673185,5.243018766067803,0.0001,0.05294885203032426,0.05283237091252502,1.1648117471748674,0.08008052429682772,2.066405816816948,-0.25333713000299224,5.249276033589537
445,0.042416129059441136,0.04229712081977148,1.1900825072774668,0.0748710397955156,2.0755933474478034,-0.21429177365045776,5.227264118872146,0.0001,0.05248429348141375,0.05235509579660187,1.291977131870431,0.11193672693531279,2.0747558650836138,-0.20382949298667447,5.251405729374415
446,0.04267709871644872,0.042551364577631756,1.2573414837700012,0.07169974624422473,2.0750866749358643,-0.22068389470450792,5.227513482684987,0.0001,0.05349413651815602,0.053306327319481005,1.87809200186125,0.02688780718181335,2.062830480051712,-0.19577466436123975,5.17452342745284
447,0.04546465901707565,0.04527688957089111,1.8776947556338133,0.06228443994774065,2.0632543716295153,-0.2663642339077348,5.237897352045849,0.0001,0.054053888511909565,0.05390941257208166,1.4447606012854777,0.06532557366389624,2.0595736587551277,-0.24831961477044182,5.196514747512173
448,0.04392172338616361,0.043792373472642726,1.293499250818527,0.08556732314359232,2.0608140655775053,-0.2971797196680869,5.234286309135532,0.0001,0.051722192743294676,0.05160388633818694,1.1830646958149655,0.08514489506331968,2.0604257818678735,-0.2481507658958435,5.211734778444532
449,0.04216697080256037,0.042051372219201306,1.1559866956876819,0.08182529799415206,2.0637492551261536,-0.27356745027250495,5.219323141325007,0.0001,0.05262749914971875,0.052510886544912636,1.166130010510834,0.07403596207289628,2.056879367626889,-0.24456266437093138,5.229862736984038
450,0.04244835896096581,0.042330144988918815,1.182139354637207,0.07336329230062703,2.0647489812827238,-0.24670400019473732,5.180186205604784,0.0001,0.05199133678221367,0.051874720714461635,1.166160761470526,0.0841226403562116,2.0571924380853144,-0.1745090989074604,5.174339328013676
451,0.042458071378365714,0.04233601615560732,1.2205525022628676,0.07954357855591003,2.0613047723024818,-0.23333286463496397,5.184138936640737,0.0001,0.05230519773674683,0.0521662465073693,1.3895112813358577,0.0720310989819782,2.06948588431721,-0.18853245594892915,5.247184316876909
452,0.04244417833167643,0.042326226463246935,1.1795179402425913,0.06208550855252713,2.0693103803411046,-0.24043433371121575,5.215554893757903,0.0001,0.052449851808413654,0.05233497062409428,1.1488144548845962,0.06363398193473548,2.060753343810498,-0.22521724845741836,5.224059883977326
453,0.04282614546389605,0.04271130763047224,1.1483782320208913,0.06606368310286351,2.067344993088216,-0.24747108719080066,5.21958328352093,0.0001,0.051798026536552,0.051670456751131674,1.275697605710634,0.06146198542604984,2.06983328033501,-0.15722897690069093,5.222996241609815
454,0.04206194863596776,0.041948963591885186,1.1298491284648224,0.07048001205945656,2.069897256354879,-0.21108446546687976,5.209659610294322,0.0001,0.05187379799678292,0.051754101009016305,1.1969701211217423,0.07412510102903339,2.0583563018852558,-0.27245711579813925,5.245330535190206
455,0.04280989816607527,0.04268581423160767,1.2408399806352957,0.06616123280691423,2.0675461004301243,-0.18673395109590354,5.196768479491212,0.0001,0.05146635628082383,0.051347619788327685,1.187367860700043,0.0719962592800738,2.0682532132511406,-0.18745715824336234,5.124919152595628
456,0.04225938841965228,0.04214016336213208,1.1922512272534955,0.06819906472484871,2.067874227916792,-0.21821797371148852,5.184988293723992,0.0001,0.05213064417033128,0.05201646564921863,1.141786687810656,0.051700144114208896,2.06539042734764,-0.16821496398516103,5.131891458806857
457,0.04206256461900462,0.04194789312012348,1.1467147481166236,0.06945237832980936,2.0691058110597926,-0.21338164060232667,5.180457098234187,0.0001,0.05240973945654614,0.052290583790188104,1.1915572982438853,0.08401329626499766,2.06504638262198,-0.1624710681244836,5.162259195891904
458,0.04283993236627926,0.042722574115911134,1.1735832620259923,0.07305454060461762,2.070312343101095,-0.2069257210843351,5.193411573000106,0.0001,0.051798247850277056,0.05168265765401679,1.155901547888635,0.07062729878324858,2.07168130135872,-0.16153539918874665,5.160718958142778
459,0.042441218125354334,0.042324357330269756,1.1686075439885073,0.07638396077903507,2.0692895305728403,-0.21812996426870182,5.196459594882403,0.0001,0.051958803874506077,0.05183548574716273,1.2331868015544516,0.07510292687466447,2.0553730642291863,-0.15628998919047762,5.1874292131880635
460,0.04204232691659809,0.04192576494868547,1.1656197035291478,0.07217045606082541,2.0635780949363913,-0.217753370108867,5.183081327069081,0.0001,0.051910257937622745,0.05177556896503543,1.3468904914990278,0.06790865254654012,2.0662812061712774,-0.291849943796094,5.186099065861232
461,0.04200281436368161,0.04187958357362722,1.2323069209315638,0.07801894469064252,2.0713221228567362,-0.22421115050634094,5.201517107643412,0.0001,0.05174969362331108,0.051626436937023214,1.2325673447528356,0.07741847623821715,2.0703360916863027,-0.21447678306467935,5.217257539990922
462,0.04270455999495081,0.042572485269783446,1.3207475643598376,0.07522018398050728,2.0716801822503124,-0.20820354086121123,5.201779047083473,0.0001,0.052566879966729124,0.052438826680603165,1.2805321535594028,0.07103039969650793,2.067341880059578,-0.15618685981862143,5.149420053186551
463,0.044342495087487874,0.0442121934053053,1.3030171553152705,0.08055459451903035,2.055605734432146,-0.21915763834256474,5.158665360608278,0.0001,0.05402007861666276,0.053868709053371995,1.513696143324946,0.12638706860827728,2.0462673214119924,-0.1078165479292962,5.158806747114155
464,0.04337745307751172,0.04324455970491334,1.3289335810481762,0.10754363258662063,2.060596665946459,-0.17617581775585656,5.19719760921878,0.0001,0.05223943077972237,0.05211314050034738,1.2629040916201095,0.10840093092599386,2.0609922224367168,-0.2411345812216611,5.303019443028409
465,0.0428856031052755,0.04276166025873399,1.2394283029579989,0.1018772724863691,2.059546483981673,-0.2077716474647898,5.199810443932379,0.0001,0.051861582507549873,0.05174101495616872,1.2056746608774427,0.10829216997388383,2.0597860561290258,-0.159325937635567,5.201694730301978
466,0.042193755973957574,0.042077972925868595,1.157829872985928,0.09790332471128044,2.0624690968444037,-0.22207569839301738,5.18116126136712,0.0001,0.05181872173094414,0.05169729342762853,1.2142790866569735,0.08057813881568505,2.062979777094344,-0.2385707073648211,5.164560909002599
467,0.0418913514778468,0.041775426051544676,1.1592540139626863,0.09193529592261221,2.0655718935954632,-0.2257030214867386,5.187703596762188,0.0001,0.05158398594235031,0.051468674932986916,1.1531087218875615,0.10333016199964873,2.06219370432303,-0.1655513646104045,5.165639387050145
468,0.04186386908164668,0.041745689199645185,1.1817991007284838,0.09348194654468533,2.0658498346064484,-0.2095780760962946,5.203633439689081,0.0001,0.051811192761844316,0.05170161187858649,1.0958082415688206,0.07524597665793459,2.0590909534776713,-0.15273728207881812,5.19572994742595
469,0.04280058558547264,0.042686535928854935,1.1404968329687102,0.08528466390356501,2.0623053638380333,-0.21887024681546624,5.1940071858055425,0.0001,0.051846779358219096,0.05172327932127765,1.2349996818623072,0.07611173947512263,2.0633403919112516,-0.1636477844842093,5.155317474418963
470,0.04219247904965128,0.04207078765806466,1.2169144149360183,0.07837908970420357,2.068330252149389,-0.22659971083300998,5.191818396532726,0.0001,0.05206325398364537,0.05194239155717299,1.2086243914886259,0.07254062241441767,2.077699130689594,-0.2051825718560689,5.20517343870351
471,0.04188209321171204,0.04176551300774247,1.1658024765670194,0.07660787462605888,2.0759877828255853,-0.21875512797747726,5.188144939619102,0.0001,0.051944805860099655,0.051828349297735055,1.1645665361847677,0.0662569507012065,2.067874104204312,-0.2290030939793083,5.169535784654214
472,0.042842111032502475,0.042702332026528636,1.3977899366119615,0.08670764262283462,2.0765430469919477,-0.2105642525722367,5.201462366229475,0.0001,0.05439252642468667,0.05415202892372306,2.4049746553662796,0.0694873435291606,2.0862140621937497,-0.20954536143231245,5.328638956580363
473,0.043913245703991945,0.043756656259377726,1.5658939234105138,0.06170350517647516,2.083928379241781,-0.2282773087588577,5.274322232810473,0.0001,0.05244585063675759,0.05232184747575035,1.2400311332353404,0.05987756956421154,2.068096399307251,-0.17111358694522313,5.212908442591278
474,0.0451753632848682,0.04502482438661806,1.5053894011631317,0.052116538747007,2.081247839368681,-0.20624743081086694,5.243771797810313,0.0001,0.053489878301469375,0.05334154873246878,1.483295716030497,0.05975153638233601,2.0644556065680275,-0.20415971433402788,5.220066627985995
475,0.04374888860231818,0.04360593017356116,1.4295850564489145,0.07051199014905714,2.0751273445718876,-0.17614285463437154,5.20439167344549,0.0001,0.052688132551774174,0.05255461090677221,1.3352170275970243,0.07893293382416308,2.076041297173836,-0.17195027747886701,5.203077296136131
476,0.043517624810470355,0.04338641438573652,1.3121042813755055,0.07263453683913496,2.0704323176168846,-0.19369131718000454,5.169538190479177,0.0001,0.0530466341321737,0.052917274790750424,1.2935924781879908,0.08319314558741073,2.073534157914175,-0.17010910222700365,5.24686804623671
477,0.04269119465581371,0.04256448506329665,1.2670964188939937,0.0720487684209965,2.0696176250281595,-0.1780268841562772,5.179443604992719,0.0001,0.052580862555285574,0.052454102049830933,1.2676041932173179,0.08934531423827292,2.058279272536157,-0.1853507423353657,5.195788014102989
478,0.04270851598857351,0.04257967035231539,1.2884559979658992,0.07449788491689927,2.0679403448189553,-0.1657820388767372,5.205837636815507,0.0001,0.05221953437152043,0.052102257405788124,1.1727713304506222,0.07092984550645653,2.068291397161887,-0.17071130019153508,5.219514416976714
479,0.04316113683102292,0.04302379800598956,1.3733886452805297,0.08887417646220903,2.0754958139219672,-0.18787680446463068,5.213792699268402,0.0001,0.053445513661898356,0.05330562308220796,1.3989053528073807,0.09089472249779902,2.065550021722283,-0.16138372197993178,5.211022518050503
480,0.042670308286406854,0.04253564113966102,1.3466719315911695,0.08375182554628667,2.0720773198464837,-0.20583938273268737,5.164173317633132,0.0001,0.05172974018143936,0.05160347828772706,1.2626198102051103,0.09208773779617228,2.060534305975471,-0.2605779923393693,5.182723716950752
481,0.042184293005436815,0.04205639249782473,1.2790043706580547,0.08840405835139815,2.073535932952515,-0.20938371173122677,5.188660600469125,0.0001,0.052925076335668564,0.05279119433441632,1.3388188993427115,0.07677694257925934,2.07914137840271,-0.26359817873634084,5.211475352166405
482,0.04359603831031712,0.04345375127746305,1.4228715343966578,0.06996416230396521,2.067454781244322,-0.21038926385928666,5.164636102916927,0.0001,0.05388722164740025,0.053692569929948995,1.9465161125424881,0.09225741805325091,2.0744590910387712,-0.1909940210892491,5.217375305336966
483,0.04261357922166533,0.042468563615481764,1.4501560677643568,0.09019977195092459,2.077698262292581,-0.20357187071523164,5.205270300538248,0.0001,0.054364389621875654,0.05422704813765808,1.3734156934308335,0.10002427810514478,2.061018294012043,-0.14109141039858822,5.198098981884164
484,0.04268489794914824,0.042546947736484965,1.379501720304811,0.11039518038237708,2.0753864443746806,-0.20296643736406658,5.225466081134803,0.0001,0.05196173352674699,0.051831251298877556,1.3048230325671988,0.10538904190483228,2.0612261513589134,-0.17439821876198525,5.212758212022378
485,0.04283639530901057,0.042704108731943594,1.3228663246330952,0.10163421605979994,2.05317887573852,-0.22119096847752284,5.160167948179093,0.0001,0.05187866495738567,0.051743803257253806,1.3486177686234595,0.11424196710888769,2.048911385133233,-0.16369688951633346,5.154848709912367
486,0.04192466006265229,0.041800351118665605,1.2430894610936858,0.11165197640922099,2.0639337565928537,-0.17686162522101637,5.155152219226898,0.0001,0.05199270952545421,0.05186943862010056,1.2327082702811336,0.10217574511615324,2.0526118060232887,-0.17942457252614935,5.1291674828865155
487,0.04269506940105351,0.042567554973793706,1.2751438944843692,0.10540711326561009,2.0748887350038356,-0.19749400049049348,5.197160457421366,0.0001,0.05251372579327771,0.05238220588841908,1.315199742854481,0.1142300675872346,2.079997032461032,-0.15629641684596132,5.177745167638214
488,0.04368873817273821,0.04355723866084541,1.3149958162917548,0.10720570737803702,2.0789840270105095,-0.20114737047009884,5.200827289432234,0.0001,0.05220334483704097,0.05208767163501659,1.1567312940745287,0.09184287163153501,2.07049182603057,-0.2650887470325114,5.215095963276608
489,0.04231707633640055,0.04220000307735711,1.1707327086379218,0.10286430864996851,2.068540780624742,-0.2106127047108062,5.15916573387268,0.0001,0.05190793566510711,0.05179147117994201,1.164644245530518,0.09847409855312025,2.060534509134964,-0.21607163345808506,5.164963876697379
490,0.04189244483731568,0.041770355706475346,1.2208922816635661,0.10718950954783661,2.071099785039099,-0.21523045450548242,5.1828819379925095,0.0001,0.051918936499827345,0.05179321750158995,1.2571902829156796,0.09373819786058345,2.0683100710452442,-0.20831542309950773,5.190840828586632
491,0.0423910074518269,0.04226043132558915,1.3057618433374707,0.10905893357407771,2.070372273612827,-0.19701781394702447,5.199160836729656,0.0001,0.05343560213354272,0.05329850174381699,1.3710039988370009,0.12050224399902451,2.0585513937641196,-0.1377536097142196,5.208696701157261
492,0.04307661880780388,0.04294168329789414,1.3493548497213563,0.11436784452035838,2.066854367247695,-0.21960544370678892,5.187934113226394,0.0001,0.052130177144853164,0.05199900384939892,1.3117340652035996,0.11380378765539384,2.0558060978499935,-0.19512781445724023,5.161490420220604
493,0.04212877666825829,0.04200256692963532,1.26209745366874,0.09945159768073639,2.069467228216981,-0.18979763729724416,5.1859260071234425,0.0001,0.052439505103188504,0.052310993344011444,1.2851198802531605,0.10761178347846152,2.0517336784953804,-0.19983614694563226,5.176999071954002
494,0.04241246967965184,0.04228636046100679,1.2610929650692915,0.10867237194472688,2.0689142622702077,-0.19590350332970566,5.195506681133968,0.0001,0.052277474126345674,0.052153658646513036,1.2381549536342351,0.11151574761934684,2.0708237735318464,-0.11659152309974315,5.207726444996578
495,0.042534329976429947,0.04240769507499084,1.266348467415222,0.1018353686345407,2.067582091472077,-0.20154788892147119,5.1774536568148735,0.0001,0.05280801795527969,0.05265860626815071,1.4941179299018752,0.10711232383906001,2.063555704036229,-0.15926322120186073,5.161553127664916
496,0.04374603922172825,0.04359784092734275,1.4819827747810796,0.09999548986415192,2.0665227905259886,-0.20499087559263143,5.196566688442738,0.0001,0.051849791229190964,0.051722576867946436,1.2721416404549504,0.07423387997796838,2.0542919451082255,-0.2088802339063144,5.099300505409778
497,0.042131232706495755,0.04200872911560493,1.2250359916983447,0.08319467779242336,2.0658382202761634,-0.23313593088779896,5.155171066575533,0.0001,0.05213859761264962,0.05201770958136505,1.2088820245903982,0.10142989005421249,2.0622759033256854,-0.3133943663306639,5.21861762060246
498,0.04170231905238137,0.04157951994936377,1.2279907127256715,0.08469357246245203,2.0708065524194423,-0.22938080254874357,5.159197508335961,0.0001,0.05215430086557294,0.05203038847572367,1.239125217350436,0.10408492218440688,2.070917010307312,-0.09915445520030991,5.170657641451124
499,0.04200386922958689,0.04187605173705844,1.278174495506456,0.09101290058437239,2.070092729099267,-0.21869501118344747,5.173867666064952,0.0001,0.05196426745871423,0.05183053305241424,1.3373433972748232,0.08152778803462714,2.0857178761925494,-0.21449197827949856,5.193572171976869
500,0.04298891876799387,0.042860100985393855,1.288178446237825,0.08934259286305832,2.070436798658083,-0.22538524944793026,5.181765483497091,0.0001,0.051831628445168615,0.05171033755784303,1.212907844865826,0.08946250856552325,2.0775884524197648,-0.20630080210910717,5.263954854347337
